team,season,name,team,position,situation,games_played,xGoalsPercentage,corsiPercentage,fenwickPercentage,icetime,xOnGoalFor,xGoalsFor,xReboundsFor,xFreezeFor,xPlayStoppedFor,xPlayContinuedInZoneFor,xPlayContinuedOutsideZoneFor,flurryAdjustedxGoalsFor,scoreVenueAdjustedxGoalsFor,flurryScoreVenueAdjustedxGoalsFor,shotsOnGoalFor,missedShotsFor,blockedShotAttemptsFor,shotAttemptsFor,goalsFor,reboundsFor,reboundGoalsFor,freezeFor,playStoppedFor,playContinuedInZoneFor,playContinuedOutsideZoneFor,savedShotsOnGoalFor,savedUnblockedShotAttemptsFor,penaltiesFor,penalityMinutesFor,faceOffsWonFor,hitsFor,takeawaysFor,giveawaysFor,lowDangerShotsFor,mediumDangerShotsFor,highDangerShotsFor,lowDangerxGoalsFor,mediumDangerxGoalsFor,highDangerxGoalsFor,lowDangerGoalsFor,mediumDangerGoalsFor,highDangerGoalsFor,scoreAdjustedShotsAttemptsFor,unblockedShotAttemptsFor,scoreAdjustedUnblockedShotAttemptsFor,dZoneGiveawaysFor,xGoalsFromxReboundsOfShotsFor,xGoalsFromActualReboundsOfShotsFor,reboundxGoalsFor,totalShotCreditFor,scoreAdjustedTotalShotCreditFor,scoreFlurryAdjustedTotalShotCreditFor,xOnGoalAgainst,xGoalsAgainst,xReboundsAgainst,xFreezeAgainst,xPlayStoppedAgainst,xPlayContinuedInZoneAgainst,xPlayContinuedOutsideZoneAgainst,flurryAdjustedxGoalsAgainst,scoreVenueAdjustedxGoalsAgainst,flurryScoreVenueAdjustedxGoalsAgainst,shotsOnGoalAgainst,missedShotsAgainst,blockedShotAttemptsAgainst,shotAttemptsAgainst,goalsAgainst,reboundsAgainst,reboundGoalsAgainst,freezeAgainst,playStoppedAgainst,playContinuedInZoneAgainst,playContinuedOutsideZoneAgainst,savedShotsOnGoalAgainst,savedUnblockedShotAttemptsAgainst,penaltiesAgainst,penalityMinutesAgainst,faceOffsWonAgainst,hitsAgainst,takeawaysAgainst,giveawaysAgainst,lowDangerShotsAgainst,mediumDangerShotsAgainst,highDangerShotsAgainst,lowDangerxGoalsAgainst,mediumDangerxGoalsAgainst,highDangerxGoalsAgainst,lowDangerGoalsAgainst,mediumDangerGoalsAgainst,highDangerGoalsAgainst,scoreAdjustedShotsAttemptsAgainst,unblockedShotAttemptsAgainst,scoreAdjustedUnblockedShotAttemptsAgainst,dZoneGiveawaysAgainst,xGoalsFromxReboundsOfShotsAgainst,xGoalsFromActualReboundsOfShotsAgainst,reboundxGoalsAgainst,totalShotCreditAgainst,scoreAdjustedTotalShotCreditAgainst,scoreFlurryAdjustedTotalShotCreditAgainst
VGK,2024,VGK,VGK,Team Level,other,82,0.55,0.45,0.46,8358,110.32,34.22,7.59,17.62,3.65,58.8,32.11,31.65,34.22,31.65,104,50,53,207,36,11,1,15,0,60,32,68,118,1,2,97,22,12,33,64,37,53,2.67,4.9,26.64,4,7,25,207,154,154,16,2.27,3,3,33.49,33.49,31.35,130.52,27.88,9.78,23.12,4.48,75.3,37.44,24.38,27.88,24.38,106,72,75,253,18,12,2,22,4,78,44,88,160,2,4,96,22,14,29,90,46,42,3.61,5.49,18.77,4,4,10,253,178,178,11,2.97,4.64,4.64,26.21,26.21,23.7
VGK,2024,VGK,VGK,Team Level,all,82,0.54,0.51,0.52,298066,2662.75,275.76,177.08,637.44,88.61,1423.85,1036.26,259.83,278.14,262.14,2480,1159,1324,4963,274,274,32,543,8,1192,1348,2206,3365,189,431,2332,1488,401,1304,2625,676,338,77.74,83.76,114.25,93,97,84,5025.8,3639,3678.18,599,38.98,58.29,58.31,256.44,258.63,249.08,2467.91,232.08,162.86,606.62,83.86,1341.14,967.43,219.34,231.82,219.09,2141,1253,1395,4789,214,267,36,454,6,1183,1270,1927,3180,207,463,2294,1918,386,1265,2534,598,262,72.61,74.27,85.21,80,69,65,4758.7,3394,3382.52,590,35.82,56.59,56.83,211.07,210.81,204.32
VGK,2024,VGK,VGK,Team Level,5on5,82,0.53,0.51,0.52,256620,2215.6,191.44,141.23,553.25,73.89,1184.72,891.47,183.89,193.82,186.19,2037,999,1158,4194,184,234,28,468,8,986,1156,1853,2852,176,399,1930,1419,362,1192,2280,547,209,67.25,67.71,56.48,82,74,28,4256.8,3036,3075.18,560,29.39,48.24,48.27,172.56,174.76,171.73,2054.39,172.33,129.9,524.25,70.03,1106.75,824.74,164.79,172.07,164.53,1780,1048,1172,4000,155,221,27,395,2,959,1096,1625,2673,196,439,1901,1844,339,1163,2167,477,184,60.97,59.93,51.43,70,50,35,3969.7,2828,2816.52,551,26.94,43.09,43.28,155.99,155.73,152.89
VGK,2024,VGK,VGK,Team Level,4on5,82,0.16,0.13,0.15,15866,45.19,5.16,2.84,7.2,1.58,14.56,28.66,5.05,5.16,5.05,48,12,9,69,6,1,0,5,0,8,40,42,54,4,12,125,37,21,27,37,16,7,1.17,1.98,2,3,3,0,69,60,60,20,0.65,0.3,0.3,5.51,5.51,5.45,242.72,27.89,21.31,53.29,8.07,146.73,77.71,26.27,27.89,26.27,217,118,135,470,38,30,6,33,0,138,96,179,297,4,10,152,11,17,41,242,61,32,6.97,7.08,13.84,5,14,19,470,335,335,1,5.49,7.75,7.81,25.57,25.57,24.45
VGK,2024,VGK,VGK,Team Level,5on4,82,0.92,0.88,0.88,17222,291.62,44.94,25.41,59.37,9.48,165.77,84.03,39.25,44.94,39.25,291,98,104,493,48,28,3,55,0,138,120,243,341,8,18,180,10,6,52,244,76,69,6.65,9.17,29.12,4,13,31,493,389,389,3,6.67,6.74,6.74,44.87,44.87,40.56,40.27,3.98,1.88,5.97,1.27,12.36,27.54,3.9,3.98,3.9,38,15,13,66,3,4,1,4,0,8,34,35,50,5,10,145,41,16,32,35,14,4,1.06,1.77,1.16,1,1,1,66,53,53,27,0.43,1.11,1.11,3.3,3.3,3.28
TOR,2024,TOR,TOR,Team Level,other,82,0.52,0.47,0.49,12121,171.69,47.24,11.66,29.11,5.9,86.16,55.93,43.71,47.24,43.71,160,76,68,304,43,20,2,22,0,78,73,117,193,2,6,138,16,17,42,109,52,75,4.53,6.59,36.13,9,6,28,304,236,236,22,3.34,6.65,6.65,43.94,43.94,41.73,176.72,44.31,13.11,30.99,5.92,98.01,51.65,39.38,44.31,39.38,157,87,95,339,40,15,1,28,0,95,66,117,204,5,18,133,20,16,39,129,54,61,5.22,6.68,32.42,7,8,25,339,244,244,13,3.73,4.91,4.91,43.14,43.14,39.84
TOR,2024,TOR,TOR,Team Level,all,82,0.49,0.47,0.48,297635,2498.87,261.11,168.13,595.97,83.33,1342.19,967.26,247.42,262.62,248.87,2298,1120,1240,4658,267,243,28,464,5,1030,1409,2031,3151,276,618,2433,1962,378,1234,2487,626,305,71.21,78.74,111.16,88,95,84,4684.16,3418,3438.69,610,37.59,52.05,52.33,246.37,247.55,239.5,2672.42,266.66,177.42,657.52,90.63,1461.9,1048.86,251.32,266.57,251.24,2406,1297,1496,5199,229,291,27,516,2,1219,1446,2177,3474,260,603,2094,1711,381,1189,2765,634,304,76.34,79.56,110.77,84,76,69,5172.54,3703,3699.71,536,39.43,58.63,58.81,247.28,247.26,239.04
TOR,2024,TOR,TOR,Team Level,5on5,82,0.5,0.47,0.48,243777,1950.1,160.95,124.63,489.65,64.83,1053.15,776.8,155.15,162.45,156.61,1792,878,1023,3693,169,178,15,372,5,791,1155,1623,2501,258,577,1887,1883,328,1088,2039,475,156,56.74,60.07,44.13,67,79,23,3719.16,2670,2690.69,540,25.83,34.82,35.63,151.16,152.33,150.01,2066.84,162.14,129.81,536.76,70.5,1134.44,843.34,156.42,162.05,156.33,1845,1032,1226,4103,136,225,21,406,2,908,1200,1709,2741,230,532,1612,1631,324,1048,2265,449,163,59.95,56.46,45.73,68,49,19,4076.54,2877,2873.71,495,26.84,39.86,40.34,148.65,148.63,146.55
TOR,2024,TOR,TOR,Team Level,4on5,82,0.08,0.11,0.13,21651,53.94,4.32,2.56,8.09,1.68,17.46,38.89,4.26,4.32,4.26,58,15,6,79,5,0,0,7,0,11,50,53,68,7,17,200,45,22,39,55,14,4,1.45,1.83,1.04,4,0,1,79,73,73,37,0.6,0,0,4.92,4.92,4.84,357.96,52.57,30.6,78.17,11.76,206.47,106.42,48.22,52.57,48.22,324,162,172,658,48,42,5,76,0,198,122,276,438,19,41,198,18,17,79,307,111,68,9.44,13.56,29.57,9,15,24,658,486,486,7,7.97,11.66,11.36,49.18,49.18,46.38
TOR,2024,TOR,TOR,Team Level,5on4,82,0.86,0.85,0.82,20086,323.14,48.6,29.28,69.12,10.93,185.43,95.64,44.29,48.6,44.29,288,151,143,582,50,45,11,63,0,150,131,238,389,9,18,208,18,11,65,284,85,70,8.48,10.25,29.87,8,10,32,582,439,439,11,7.82,10.58,10.05,46.37,46.37,42.91,70.9,7.64,3.89,11.6,2.46,22.96,47.45,7.3,7.64,7.3,80,16,3,99,5,9,0,6,0,18,58,75,91,6,12,151,42,24,23,64,20,12,1.73,2.87,3.04,0,4,1,99,96,96,21,0.88,2.21,2.21,6.32,6.32,6.26
MIN,2024,MIN,MIN,Team Level,other,82,0.5,0.43,0.44,9951,127.71,36.65,8.62,20.26,4.2,66.19,40.08,31.99,36.65,31.99,121,55,54,230,42,10,2,9,0,61,54,79,134,4,8,113,14,12,31,81,34,61,3.26,4.41,28.98,4,8,30,230,176,176,11,2.63,4.08,4.08,35.21,35.21,32.24,165.64,36.14,11.89,29.15,5.43,91.92,52.47,31.92,36.14,31.92,161,66,77,304,32,18,2,17,0,79,81,129,195,7,16,117,24,12,26,108,60,59,4.49,7.7,23.95,7,7,18,304,227,227,12,3.44,5.91,5.91,33.67,33.67,30.74
MIN,2024,MIN,MIN,Team Level,all,82,0.5,0.48,0.48,298584,2433.85,237.43,162.04,581.56,81.93,1334.81,975.24,223.81,238.41,224.71,2264,1109,1275,4648,225,248,24,408,8,1063,1421,2039,3148,252,588,2081,1645,407,1224,2529,589,255,69.33,73.38,94.73,81,73,71,4657.7,3373,3383.53,581,35.94,53.99,53.99,219.39,219.97,213.35,2631.92,238.14,173.61,642.94,88.61,1465.49,1038.26,226.23,239.4,227.44,2428,1220,1455,5103,236,231,31,505,6,1127,1543,2192,3412,250,580,2375,1604,349,1229,2777,616,255,77.09,75.43,85.62,82,82,72,5118.85,3648,3660.37,542,38.38,49.87,49.92,226.54,227.52,220.49
MIN,2024,MIN,MIN,Team Level,5on5,82,0.49,0.48,0.48,249544,1947.78,153.2,123.03,486.9,65.91,1069.58,808.39,147.35,154.18,148.24,1792,915,1081,3788,141,191,16,351,6,842,1176,1651,2566,232,544,1672,1578,355,1104,2105,471,131,57.36,57.96,37.86,69,54,18,3797.7,2707,2717.53,540,25.46,38.48,38.93,139.74,140.33,138.33,2092.87,158.24,131.61,534.71,70.39,1160.08,848.02,152.59,159.5,153.79,1897,1007,1242,4146,148,178,22,424,5,883,1266,1749,2756,220,518,1877,1515,297,1114,2300,457,147,61.78,55.92,40.53,63,58,27,4161.85,2904,2916.37,503,27.11,34.94,35.06,150.23,151.21,148.69
MIN,2024,MIN,MIN,Team Level,4on5,82,0.08,0.09,0.11,18853,41.14,3.37,1.82,6.8,1.25,12.31,28.45,3.26,3.37,3.26,45,9,6,60,3,2,0,3,0,7,39,42,51,9,22,141,34,14,27,46,4,4,1.24,0.7,1.43,1,0,2,60,54,54,20,0.43,0.67,0.67,3.13,3.13,3.1,321.72,40.06,27.67,71.13,11.11,196.51,99.51,38.15,40.06,38.15,313,133,127,573,52,35,7,61,1,154,143,261,394,15,30,204,13,15,62,310,91,45,9.13,10.77,20.16,11,14,27,573,446,446,5,7.27,9.02,8.96,38.38,38.38,36.94
MIN,2024,MIN,MIN,Team Level,5on4,82,0.92,0.88,0.86,20236,317.21,44.21,28.57,67.6,10.57,186.73,98.32,41.2,44.21,41.2,306,130,134,570,39,45,6,45,2,153,152,267,397,7,14,155,19,26,62,297,80,59,7.46,10.31,26.45,7,11,21,570,436,436,10,7.42,10.77,10.32,41.31,41.31,39.69,51.7,3.69,2.44,7.96,1.68,16.97,38.26,3.57,3.69,3.57,57,14,9,80,4,0,0,3,0,11,53,53,67,8,16,177,52,25,27,59,8,4,1.68,1.02,0.98,1,3,0,80,71,71,22,0.58,0,0,4.26,4.26,4.13
PHI,2024,PHI,PHI,Team Level,other,82,0.5,0.5,0.51,11133,163.9,36.37,11.35,30.03,5.3,84.21,55.75,33.67,36.37,33.67,148,75,86,309,35,16,0,19,1,75,77,113,188,7,14,119,40,20,38,116,54,53,4.27,6.62,25.47,6,7,22,309,223,223,20,3.28,5.62,5.46,34.18,34.18,32.45,155.88,35.93,10.36,27.97,5.25,77.86,56.63,33.71,35.93,33.71,140,74,95,309,43,18,4,16,1,59,77,97,171,11,22,143,32,18,30,98,68,48,3.97,8.16,23.8,9,10,24,309,214,214,12,2.9,7.12,7.2,31.63,31.63,30.82
PHI,2024,PHI,PHI,Team Level,all,82,0.51,0.48,0.5,299715,2437.06,250.11,169,585.09,82.87,1306.71,941.22,237.54,250.61,237.96,2213,1122,1245,4580,232,261,30,454,6,957,1425,1981,3103,253,552,2251,1727,430,1289,2410,631,294,69.98,80.48,99.65,89,81,62,4551.17,3335,3325.15,606,37.22,56.72,56.72,230.6,230.36,225.03,2437.97,237.21,159.51,584.11,81.45,1309.75,981.96,227.53,239.25,229.48,2210,1144,1584,4938,283,230,27,407,9,1036,1389,1927,3071,263,576,2258,1727,428,1244,2480,628,246,72.66,78.02,86.53,113,95,75,5006.33,3354,3395.95,581,34.96,54.73,54.89,217.28,219.32,214.98
PHI,2024,PHI,PHI,Team Level,5on5,82,0.53,0.48,0.5,249076,1973.28,176.71,131.74,495.11,67.19,1053.72,774.53,168.9,177.23,169.32,1788,911,1006,3705,166,216,26,375,4,758,1180,1622,2533,226,495,1833,1619,362,1171,2013,491,195,58.09,63.16,55.47,78,62,26,3676.17,2699,2689.15,559,27.38,45.32,45.48,158.61,158.36,155.88,1954.23,157.56,123.53,490.82,65.33,1060.78,795.98,152.01,159.61,153.96,1765,929,1328,4022,195,174,17,352,8,821,1144,1570,2499,232,511,1758,1620,376,1110,2086,467,141,60.01,58.18,39.37,98,71,26,4090.33,2694,2735.95,538,25.59,35.79,36.15,146.99,149.03,146.63
PHI,2024,PHI,PHI,Team Level,4on5,82,0.13,0.13,0.16,18776,47.81,5.57,2.92,6.83,1.61,16.12,31.94,5.55,5.57,5.55,48,17,13,78,4,3,0,3,0,9,46,44,61,4,11,120,46,29,27,39,20,6,1.2,2.77,1.6,2,2,0,78,65,65,23,0.66,0.28,0.28,5.96,5.96,5.95,259.54,37.3,22.11,55.45,8.47,148.16,79.52,35.5,37.3,35.5,225,126,153,504,36,36,6,31,0,139,109,189,315,15,33,176,24,17,78,227,70,54,6.33,8.73,22.24,4,7,25,504,351,351,9,5.68,11.01,10.71,32.26,32.26,31.15
PHI,2024,PHI,PHI,Team Level,5on4,82,0.83,0.83,0.79,20730,252.08,31.45,22.98,53.11,8.78,152.67,79,29.42,31.45,29.42,229,119,140,488,27,26,4,57,1,115,122,202,321,16,32,179,22,19,53,242,66,40,6.41,7.93,17.11,3,10,14,488,348,348,4,5.91,5.5,5.5,31.86,31.86,30.75,68.33,6.42,3.51,9.88,2.41,22.95,49.83,6.3,6.42,6.3,80,15,8,103,9,2,0,8,0,17,59,71,86,5,10,181,51,17,26,69,23,3,2.34,2.96,1.13,2,7,0,103,95,95,22,0.8,0.82,0.82,6.4,6.4,6.37
BUF,2024,BUF,BUF,Team Level,other,82,0.48,0.5,0.5,14213,183.57,44.11,12.89,33.52,6.05,97.1,54.35,39.79,44.11,39.79,159,89,100,348,33,23,4,29,2,93,68,126,215,10,20,133,41,20,33,130,56,62,5.17,7.11,31.83,7,4,22,348,248,248,14,3.78,7.94,8.44,39.45,39.45,36.58,179.78,47.57,12.42,31.44,6.04,94.25,57.28,42.64,47.57,42.64,159,90,93,342,47,14,3,21,2,94,71,112,202,7,14,200,36,21,34,120,56,73,4.89,6.83,35.85,9,7,31,342,249,249,19,3.67,4.26,4.26,46.99,46.99,43.13
BUF,2024,BUF,BUF,Team Level,all,82,0.48,0.5,0.49,298327,2553.68,255.23,171.83,617.59,85.45,1386.51,993.4,240.3,255.62,240.68,2280,1230,1350,4860,265,255,30,479,9,1067,1435,2015,3245,309,699,2303,1736,382,1197,2622,606,282,76.77,74.78,103.69,115,81,69,4860.45,3510,3511.64,574,38.31,57.09,57.09,236.46,236.76,229.89,2617.39,277.47,176.35,627.88,87.5,1413.25,1021.57,262.43,277.38,262.37,2371,1233,1305,4909,287,279,46,472,15,1179,1372,2084,3317,301,678,2512,1798,440,1197,2589,684,331,74.83,86.03,116.62,89,99,99,4899.57,3604,3605.05,559,39.27,59.06,59.76,256.98,257.04,249.24
BUF,2024,BUF,BUF,Team Level,5on5,82,0.47,0.5,0.49,240079,1979.32,159.17,127.96,503.93,66.47,1085.7,796.77,153.43,159.57,153.81,1751,989,1090,3830,185,188,21,388,6,809,1164,1566,2555,273,624,1777,1591,325,1066,2136,452,152,60.76,56.31,42.1,101,62,22,3830.45,2740,2741.64,523,26.46,38.62,38.21,147.43,147.73,145.37,2037.49,176.58,131.4,517,68.44,1100.37,812.2,169.85,176.49,169.78,1822,984,1060,3866,184,229,36,380,9,909,1095,1638,2622,265,603,1903,1679,372,1070,2089,533,184,59.52,67.27,49.79,75,74,35,3856.57,2806,2807.05,500,27.3,45.15,45.51,158.37,158.43,155.91
BUF,2024,BUF,BUF,Team Level,4on5,82,0.11,0.15,0.17,22156,68.19,5.67,3.36,10.87,2.33,21.44,47.33,5.51,5.67,5.51,78,13,13,104,9,5,1,1,1,9,66,69,82,10,23,202,85,17,34,66,20,5,1.96,2.53,1.18,2,6,1,104,91,91,30,0.78,0.86,0.85,5.6,5.6,5.55,329.09,47.19,29.01,68.58,10.73,195.93,102.58,43.96,47.19,43.96,315,139,143,597,51,33,7,65,3,162,140,264,403,22,47,220,21,25,60,308,81,65,8.32,10.04,28.82,4,16,31,597,454,454,12,7.49,9.26,9.61,45.07,45.07,43.72
BUF,2024,BUF,BUF,Team Level,5on4,82,0.88,0.85,0.82,21879,322.6,46.29,27.62,69.27,10.58,182.28,94.96,41.57,46.29,41.57,292,139,147,578,38,39,4,61,0,156,137,254,393,16,32,191,19,20,64,290,78,63,8.87,8.83,28.58,5,9,24,578,431,431,7,7.29,9.66,9.58,43.99,43.99,42.39,71.03,6.13,3.53,10.84,2.29,22.71,49.5,5.99,6.13,5.99,75,20,9,104,5,3,0,6,1,14,66,70,90,7,14,189,62,22,33,72,14,9,2.09,1.88,2.15,1,2,2,104,95,95,28,0.82,0.38,0.38,6.56,6.56,6.48
CGY,2024,CGY,CGY,Team Level,other,82,0.47,0.46,0.45,10335,145.45,36.16,10.08,25.72,4.85,75.07,51.13,33.21,36.16,33.21,128,75,85,288,33,3,0,23,3,72,69,95,170,6,12,119,37,17,36,109,38,56,3.96,4.46,27.74,4,5,24,288,203,203,14,2.88,0.54,0.73,38.31,38.31,35.28,181.19,41.6,12.08,31.77,5.8,91.14,61.62,39.12,41.6,39.12,153,91,90,334,42,17,5,22,1,87,75,111,202,5,10,143,25,18,38,133,50,61,4.91,6.56,30.12,12,5,25,334,244,244,8,3.53,5.74,5.74,39.39,39.39,38.06
CGY,2024,CGY,CGY,Team Level,all,82,0.49,0.51,0.51,300119,2605.3,241.84,168.72,658.06,89.82,1427.64,1033.92,229.87,242.26,230.26,2414,1206,1584,5204,220,231,27,553,11,1130,1475,2194,3400,289,662,2321,1908,435,1285,2788,554,278,75.66,69.35,96.84,89,58,73,5182.75,3620,3617.45,605,37.35,46.37,46.37,232.83,232.97,225.13,2553.2,252.7,168.67,622.66,86.37,1376.37,1004.3,242.11,254.21,243.56,2372,1140,1441,4953,236,241,30,574,13,1094,1354,2136,3276,302,680,2698,1651,443,1349,2586,666,260,74.56,83.62,94.52,78,91,67,4984.56,3512,3531.22,638,37.73,52.95,52.98,237.4,238.53,233.32
CGY,2024,CGY,CGY,Team Level,5on5,82,0.49,0.52,0.51,245585,2093.99,160.1,129.24,553,72.52,1148.93,849.21,154.51,160.52,154.91,1925,988,1299,4212,140,191,21,467,6,893,1216,1785,2773,262,606,1809,1783,380,1139,2308,443,162,60.51,55.49,44.1,70,42,28,4190.74,2913,2910.45,552,26.71,36.65,37.04,149.77,149.92,147.64,1987.93,165.75,124.44,508.86,67.26,1072.21,805.56,160.3,167.26,161.75,1851,894,1184,3929,142,187,21,472,11,839,1094,1709,2603,278,630,2122,1559,372,1197,2102,495,148,59.9,62.54,43.32,58,65,19,3960.56,2745,2764.22,601,25.88,40.05,40.08,151.51,152.64,150.42
CGY,2024,CGY,CGY,Team Level,4on5,82,0.09,0.12,0.13,21390,49.72,3.85,2.55,7.42,1.63,16.86,35.69,3.81,3.85,3.81,58,10,18,86,6,1,0,5,0,8,48,52,62,10,20,179,63,18,37,51,17,0,1.56,2.29,0,0,6,0,86,68,68,31,0.57,0.16,0.16,4.27,4.27,4.22,336.79,40.66,29.87,75.42,11.87,198.96,105.22,38.15,40.66,38.15,315,147,160,622,46,35,3,76,1,157,147,269,416,7,14,239,13,22,81,312,103,47,8.57,12.21,19.89,7,17,22,622,462,462,3,7.79,6.79,6.79,41.67,41.67,40.13
CGY,2024,CGY,CGY,Team Level,5on4,82,0.9,0.9,0.88,22809,316.14,41.73,26.85,71.92,10.82,186.78,97.89,38.34,41.73,38.34,303,133,182,618,41,36,6,58,2,157,142,262,395,11,24,214,25,20,73,320,56,60,9.63,7.11,24.99,15,5,21,618,436,436,8,7.18,9.02,8.44,40.48,40.48,37.99,47.29,4.68,2.28,6.61,1.44,14.07,31.9,4.55,4.68,4.55,53,8,7,68,6,2,1,4,0,11,38,47,55,12,26,194,54,31,33,39,18,4,1.18,2.32,1.18,1,4,1,68,61,61,26,0.52,0.38,0.38,4.82,4.82,4.71
SJS,2024,SJS,SJS,Team Level,other,82,0.45,0.52,0.52,10842,164.35,31.41,12.51,31.04,5.66,97.98,49.41,28.85,31.41,28.85,150,78,105,333,29,15,4,22,0,102,60,121,199,6,10,126,19,10,25,131,51,46,4.58,6.14,20.69,4,6,19,333,228,228,11,3.78,4.45,4.5,30.69,30.69,28.67,154.23,38.98,11.24,28.23,5.87,76.81,50.88,36.66,38.98,36.66,144,68,90,302,38,19,3,20,3,74,58,106,174,6,20,143,26,11,32,102,51,59,4.36,6.07,28.55,7,9,22,302,212,212,19,3.23,5.33,5.33,36.89,36.89,35.24
SJS,2024,SJS,SJS,Team Level,all,82,0.43,0.46,0.46,298395,2394.28,222.67,161.8,581.21,80.89,1313.98,931.47,210.57,221.1,209.05,2203,1089,1336,4628,208,238,28,426,6,1107,1307,1995,3084,297,675,2247,1818,365,1226,2473,572,247,69.05,69.62,83.98,87,61,60,4544.88,3292,3254.35,573,36.34,51.67,51.67,207.33,205.85,199.58,2835.7,295.14,196.17,684.45,96.55,1538.66,1100.04,279.09,298.9,282.63,2607,1304,1560,5471,310,344,38,473,11,1278,1495,2297,3601,274,648,2428,1663,391,1254,2849,708,354,83.74,87.42,123.97,126,92,92,5601.19,3911,3978.91,564,43.58,73.8,73.8,264.92,268.16,260.31
SJS,2024,SJS,SJS,Team Level,5on5,82,0.44,0.46,0.46,242625,1861.7,149.52,118.19,473.28,63.26,1010.23,748.5,144.11,147.96,142.6,1724,839,1072,3635,143,189,23,339,5,826,1061,1581,2420,265,615,1749,1731,310,1085,1984,428,151,54.7,52.55,42.27,77,41,25,3551.88,2563,2525.35,517,24.45,38.86,38.82,135.16,133.68,131.5,2216.1,192.65,145.46,558.12,74.75,1208.99,884.04,183.65,196.41,187.19,2030,1034,1284,4348,204,256,26,395,7,990,1212,1826,2860,242,576,1868,1566,344,1106,2327,531,206,67.04,66.7,58.92,106,66,32,4478.19,3064,3131.91,503,30.17,51.9,52.39,170.43,173.67,170.31
SJS,2024,SJS,SJS,Team Level,4on5,82,0.07,0.1,0.12,23667,52.09,4.42,2.69,7.91,1.77,18.34,37.86,4.4,4.42,4.4,60,13,10,83,5,1,0,1,0,14,52,55,68,11,22,161,48,25,35,54,16,3,1.34,1.96,1.12,2,2,1,83,73,73,33,0.62,0.57,0.57,4.47,4.47,4.45,404.69,58.02,36.3,88.68,13.97,233.41,122.61,53.41,58.02,53.41,372,181,173,726,60,66,9,54,0,203,170,312,493,17,34,237,13,14,67,359,112,82,10.59,13.04,34.39,9,13,38,726,553,553,1,9.44,15.77,15.29,52.18,52.18,49.39
SJS,2024,SJS,SJS,Team Level,5on4,82,0.87,0.86,0.84,21261,316.14,37.31,28.41,68.97,10.2,187.42,95.7,33.2,37.31,33.2,269,159,149,577,31,33,1,64,1,165,134,238,397,15,28,211,20,20,81,304,77,47,8.44,8.97,19.9,4,12,15,577,428,428,12,7.49,7.79,7.79,37.01,37.01,34.95,60.67,5.49,3.18,9.4,1.98,19.44,42.52,5.38,5.49,5.38,61,21,13,95,8,3,0,4,1,11,55,53,74,9,18,180,58,22,49,61,14,7,1.76,1.61,2.11,4,4,0,95,82,82,41,0.74,0.8,0.8,5.42,5.42,5.36
CBJ,2024,CBJ,CBJ,Team Level,other,82,0.49,0.48,0.49,9629,147.28,32.53,9.96,28.76,4.99,76.37,47.38,28.76,32.53,28.76,141,59,66,266,22,18,1,26,1,71,62,119,178,6,15,113,20,14,32,111,42,47,4.3,5.37,22.86,4,3,15,266,200,200,14,2.93,5.36,5.36,30.11,30.11,27.33,152.86,33.47,10.72,28.34,5.37,81.48,50.63,29.34,33.47,29.34,148,62,81,291,37,16,6,28,2,73,54,111,173,4,9,144,23,24,34,104,51,55,4.3,6.46,22.7,6,9,22,291,210,210,13,3.18,5.13,5.13,31.52,31.52,28.6
CBJ,2024,CBJ,CBJ,Team Level,all,82,0.48,0.49,0.49,298815,2556.08,245.17,168.54,628.67,87.06,1353.43,1010.15,230.45,245.66,230.96,2382,1111,1376,4869,267,291,31,522,8,1066,1339,2115,3226,268,624,2237,1656,391,1241,2594,603,296,70.64,75.08,99.44,101,103,63,4879.58,3493,3499.46,579,37.09,63.98,63.98,218.27,218.66,211.93,2687.33,266.73,181.82,649.74,90.98,1462.04,1038.69,253.03,267.59,253.81,2453,1237,1473,5163,267,302,35,458,11,1184,1468,2186,3423,230,555,2445,1611,405,1267,2684,701,305,77.59,88.39,100.75,101,94,72,5175.58,3690,3705.14,595,40.28,65.83,65.9,241.12,241.87,234.84
CBJ,2024,CBJ,CBJ,Team Level,5on5,82,0.48,0.49,0.49,251329,2083.84,177.83,131.54,532.13,71.2,1100.13,835.18,168.34,178.31,168.85,1913,935,1162,4010,201,240,27,436,6,856,1109,1712,2647,242,569,1789,1590,347,1122,2162,484,202,57.77,60.29,59.76,86,86,29,4020.58,2848,2854.46,537,27.3,52.84,52.84,152.31,152.7,149.59,2171.3,189.77,140.05,545.43,73.53,1173.51,861.71,181.95,190.64,182.73,1946,1038,1257,4241,179,254,24,377,7,944,1223,1767,2805,212,518,1971,1540,346,1127,2248,540,196,64.28,68.28,57.21,86,67,26,4253.58,2984,2999.14,537,29.02,53.21,53.28,165.52,166.28,163.33
CBJ,2024,CBJ,CBJ,Team Level,4on5,82,0.13,0.14,0.17,20308,63.84,5.64,3.14,9.96,2.23,21.37,45.65,5.53,5.64,5.53,72,16,8,96,9,3,0,7,0,9,60,63,79,4,8,164,29,22,33,67,13,8,1.73,1.67,2.24,2,4,3,96,88,88,26,0.73,0.6,0.6,5.77,5.77,5.69,323.05,39.39,29.09,70.43,10.91,194.77,98.42,37.68,39.39,37.68,314,129,129,572,45,31,5,53,2,158,154,269,398,12,24,193,19,14,63,298,95,50,7.96,11.64,19.79,6,15,24,572,443,443,11,7.62,7.19,7.19,39.82,39.82,38.67
CBJ,2024,CBJ,CBJ,Team Level,5on4,82,0.88,0.89,0.87,17549,261.13,29.16,23.91,57.81,8.64,155.56,81.93,27.81,29.16,27.81,256,101,140,497,35,30,3,53,1,130,108,221,322,16,32,171,17,8,54,254,64,39,6.82,7.74,14.58,9,10,16,497,357,357,2,6.12,5.19,5.19,30.08,30.08,29.32,40.11,4.1,1.96,5.54,1.19,12.28,27.94,4.06,4.1,4.06,45,8,6,59,6,1,0,0,0,9,37,39,47,2,4,137,29,21,43,34,15,4,1.05,2.01,1.05,3,3,0,59,53,53,34,0.45,0.3,0.3,4.25,4.25,4.23
MTL,2024,MTL,MTL,Team Level,other,82,0.44,0.43,0.44,11572,139.04,32.06,9.27,24.26,4.7,73.21,47.51,29.79,32.06,29.79,118,73,61,252,34,8,2,21,3,67,58,84,157,9,23,142,37,25,29,95,50,46,4.14,5.87,22.04,4,8,22,252,191,191,7,2.65,2.21,2.4,32.32,32.32,30.21,178.25,40.09,12.56,32.42,6.07,91.86,56.01,36.43,40.09,36.43,161,78,98,337,33,28,2,23,1,89,65,128,206,5,13,135,36,11,27,120,65,54,4.73,8.29,27.07,4,11,18,337,239,239,10,3.67,9.2,9.03,34.73,34.73,33.16
MTL,2024,MTL,MTL,Team Level,all,82,0.46,0.47,0.47,298913,2355.95,241.22,155.79,561.49,79.78,1270.44,936.28,232.1,240.36,231.23,2095,1150,1327,4572,243,214,29,423,12,1066,1287,1852,3002,311,678,2319,1987,392,1156,2305,690,250,70.66,84.82,85.74,96,76,71,4541.83,3245,3228.09,500,34.41,44.13,44.91,230.72,229.6,223.79,2701.05,284.79,181.17,642.25,90.6,1437.79,1032.39,267.4,287.53,269.99,2383,1286,1568,5237,261,291,31,501,5,1125,1486,2122,3408,290,630,2246,1781,402,1153,2612,726,331,78.14,91.1,115.54,97,100,64,5280.03,3669,3701.1,542,40.41,66.21,66.32,258.89,261.09,253.31
MTL,2024,MTL,MTL,Team Level,5on5,82,0.47,0.48,0.47,241255,1855.15,167.21,117.62,462.78,63.45,1004.38,753.57,161.97,166.33,161.11,1659,910,1127,3696,158,174,20,351,6,822,1058,1501,2411,273,594,1786,1878,322,1028,1877,540,152,57.4,67.05,42.74,81,53,24,3665.83,2569,2552.09,464,24.37,34.31,34.39,157.19,156.06,153.6,2092.02,188.61,132.4,524.13,70.65,1107.97,828.23,181.37,191.37,183.97,1822,1030,1232,4084,182,225,27,401,3,813,1228,1640,2670,259,566,1696,1670,346,1020,2116,530,206,62.95,67.13,58.54,82,73,27,4127.03,2852,2884.1,494,27.44,47.45,48.05,168,170.2,167.54
MTL,2024,MTL,MTL,Team Level,4on5,82,0.1,0.11,0.14,23981,61.75,5.5,2.94,9.34,1.94,19.1,43.19,5.42,5.5,5.42,65,17,12,94,9,2,0,2,0,12,57,56,73,14,31,204,56,24,31,59,17,6,2.03,1.94,1.53,2,4,3,94,82,82,26,0.67,0.26,0.07,6.09,6.09,6.01,377.97,50.72,33.43,77.24,12.1,220.22,112.3,44.31,50.72,44.31,346,160,225,731,42,36,2,74,0,209,145,304,464,15,31,217,16,21,65,325,118,63,9.13,14.01,27.58,9,15,18,731,506,506,6,8.66,9.26,8.92,50.47,50.47,46.98
MTL,2024,MTL,MTL,Team Level,5on4,82,0.87,0.86,0.85,22105,300.01,36.46,25.97,65.11,9.7,173.75,92.01,34.92,36.46,34.92,253,150,127,530,42,30,7,49,3,165,114,211,361,15,30,187,16,21,68,274,83,46,7.09,9.96,19.42,9,11,22,530,403,403,3,6.71,7.35,8.06,35.12,35.12,33.98,52.8,5.36,2.78,8.46,1.78,17.74,35.88,5.3,5.36,5.3,54,18,13,85,4,2,0,3,1,14,48,50,68,11,20,198,59,24,41,51,13,8,1.34,1.67,2.35,2,1,1,85,72,72,32,0.65,0.31,0.31,5.69,5.69,5.64
UTA,2024,UTA,UTA,Team Level,other,82,0.51,0.48,0.48,10258,150.81,38.08,9.56,27.68,5.08,73.15,49.45,36.07,38.08,36.07,128,75,76,279,31,16,3,18,2,70,66,97,172,2,4,141,18,12,28,85,61,57,3.7,7.41,26.97,2,9,20,279,203,203,10,2.79,4.52,4.52,36.35,36.35,35.1,161.5,35.99,10.77,29.23,5.33,82.41,55.27,33.58,35.99,33.58,147,72,83,302,39,10,3,23,2,71,74,108,180,8,18,124,32,10,33,107,64,48,4,8.07,23.92,4,11,24,302,219,219,15,3.1,3.44,3.44,35.64,35.64,33.46
UTA,2024,UTA,UTA,Team Level,all,82,0.52,0.52,0.52,299653,2660.36,272.69,169.96,648.61,89.31,1426.98,1025.51,260.74,273.64,261.69,2342,1292,1448,5082,240,264,27,470,10,1233,1417,2102,3394,301,711,2482,1467,384,1414,2588,747,299,76.53,91.09,105.08,79,87,74,5108.09,3634,3655.43,665,37.44,54.86,54.86,255.2,256.16,250.11,2478.32,250.26,160.44,601.57,83.24,1307.82,967.67,239.85,250.58,240.18,2272,1099,1381,4752,247,226,39,472,7,1140,1279,2025,3124,288,665,2331,1924,406,1249,2427,683,261,71.29,84,94.98,81,80,86,4750.01,3371,3369.72,575,35.77,50.14,50.17,235.85,236.27,230.05
UTA,2024,UTA,UTA,Team Level,5on5,82,0.53,0.53,0.53,243898,2168.61,185.5,133.93,553.07,73.29,1166.17,855.1,177.84,186.45,178.77,1899,1069,1215,4183,158,222,22,397,8,995,1188,1741,2810,265,631,1899,1395,328,1263,2217,568,183,64.87,69.88,50.75,69,64,25,4209.09,2968,2989.43,598,27.78,43.3,43.33,169.89,170.84,167.88,1899.33,162.7,114.83,485.72,64.11,1002.84,761.8,157.6,163.02,157.93,1728,864,1085,3677,151,176,28,374,4,867,1020,1577,2441,259,597,1839,1810,341,1096,1943,492,157,56.54,60.85,45.32,65,54,32,3675.01,2592,2590.72,523,23.85,38.14,38.18,148.37,148.8,146.78
UTA,2024,UTA,UTA,Team Level,4on5,82,0.06,0.08,0.1,23538,39.36,3.11,1.71,6.27,1.38,12.42,27.12,3.03,3.11,3.03,37,15,10,62,2,1,0,1,0,5,43,35,50,14,30,230,35,26,52,38,9,5,0.87,1.05,1.19,1,1,0,62,52,52,42,0.4,0.18,0.18,3.32,3.32,3.23,364.68,47.16,32.54,78.54,12.09,206.05,112.62,44.3,47.16,44.3,336,153,198,687,49,39,7,72,1,188,140,287,440,11,22,186,26,30,83,324,113,52,9.06,13.41,24.69,7,12,30,687,489,489,7,8.3,8.42,8.42,47.03,47.03,45.02
UTA,2024,UTA,UTA,Team Level,5on4,82,0.91,0.87,0.85,21959,301.58,46.01,24.76,61.59,9.56,175.24,93.84,43.82,46.01,43.82,278,133,147,558,49,25,2,54,0,163,120,229,362,20,46,212,19,18,71,248,109,54,7.09,12.75,26.17,7,13,29,558,411,411,15,6.47,6.87,6.84,45.64,45.64,43.9,52.8,4.41,2.3,8.08,1.71,16.52,37.98,4.35,4.41,4.35,61,10,15,86,8,1,1,3,0,14,45,53,63,10,28,182,56,25,37,53,14,4,1.69,1.68,1.05,5,3,0,86,71,71,30,0.52,0.13,0.13,4.8,4.8,4.77
NYR,2024,NYR,NYR,Team Level,other,82,0.46,0.55,0.52,10364,146.12,34.41,10.77,27.1,5.18,80.06,42.48,30.72,34.41,30.72,117,83,89,289,24,17,2,17,1,80,61,93,176,5,13,118,22,20,42,100,47,53,3.51,6.01,24.88,4,5,15,289,200,200,14,3.15,6.57,6.74,30.82,30.82,28.64,135.54,39.67,8.94,24.73,4.38,65.84,41.45,37.29,39.67,37.29,118,67,54,239,34,12,1,14,0,64,61,84,151,7,17,98,20,15,38,79,48,58,3.08,6.08,30.52,4,4,26,239,185,185,16,2.61,3.7,3.7,38.58,38.58,36.8
NYR,2024,NYR,NYR,Team Level,all,82,0.48,0.5,0.5,296987,2624.71,258.68,174.95,634.64,88.05,1418.11,1030.56,243.8,260.43,245.39,2344,1261,1334,4939,255,267,36,487,8,1138,1450,2089,3350,278,619,2438,2031,405,1239,2665,648,292,74.66,81.4,102.62,107,79,69,4966.61,3605,3627.19,599,38.96,57.98,57.98,239.66,241.13,233.36,2690.37,276.97,181.45,648.04,89.14,1426.93,1034.48,264.11,277.36,264.52,2451,1206,1336,4993,255,284,30,427,5,1115,1571,2196,3402,257,570,2113,1596,387,1313,2610,719,328,74.31,89.48,113.18,87,92,76,4993.91,3657,3657.83,588,40.15,59.81,59.81,257.32,257.66,251.09
NYR,2024,NYR,NYR,Team Level,5on5,82,0.48,0.49,0.49,243801,2047.41,171.35,129.66,519.84,68.44,1102.4,821.31,164.66,173.11,166.24,1831,982,1075,3888,180,204,28,391,7,856,1175,1651,2633,252,564,1893,1928,333,1080,2142,501,170,59.23,63.22,48.91,88,64,28,3915.61,2813,2835.19,538,26.93,41.56,41.58,156.7,158.18,155.42,2159.77,184.6,138.19,542.5,72.01,1151.74,855.95,177.5,184.99,177.92,1966,979,1123,4068,172,218,23,357,4,875,1319,1794,2773,232,517,1672,1515,341,1155,2195,552,198,61.91,68.21,54.48,74,74,24,4068.91,2945,2945.83,524,28.68,44.23,44.51,168.78,169.11,166.56
NYR,2024,NYR,NYR,Team Level,4on5,82,0.14,0.18,0.21,23171,90.47,7.83,4.47,13.92,2.86,28.85,62.06,7.74,7.83,7.74,94,26,12,132,16,5,0,6,0,17,76,78,104,10,20,226,60,29,47,89,22,9,2.56,2.62,2.65,9,5,2,132,120,120,38,1.04,0.84,0.84,8.02,8.02,7.96,344.3,47.49,31.85,73.71,11.23,193.79,101.94,44.2,47.49,44.2,317,143,141,601,42,50,5,55,1,164,148,275,418,13,26,179,19,15,80,289,104,67,7.87,13.29,26.33,5,12,25,601,460,460,11,8.29,10.56,10.3,45.48,45.48,43.25
NYR,2024,NYR,NYR,Team Level,5on4,82,0.9,0.88,0.88,19651,340.71,45.08,30.06,73.77,11.58,206.8,104.71,40.69,45.08,40.69,302,170,158,630,35,41,6,73,0,185,138,267,437,11,22,201,21,23,70,334,78,60,9.36,9.54,26.18,6,5,24,630,472,472,9,7.85,9,8.82,44.11,44.11,41.34,50.77,5.22,2.46,7.09,1.53,15.55,35.14,5.12,5.22,5.12,50,17,18,85,7,4,1,1,0,12,43,43,60,5,10,164,42,16,40,47,15,5,1.47,1.9,1.85,4,2,1,85,67,67,37,0.56,1.31,1.3,4.48,4.48,4.48
FLA,2024,FLA,FLA,Team Level,other,82,0.54,0.58,0.58,12475,206.82,43.75,15.17,39.58,7.4,109.76,67.35,36.52,43.75,36.52,180,103,101,384,32,35,2,26,2,105,83,148,251,9,18,145,41,16,35,145,64,74,5.5,7.69,30.56,5,4,23,384,283,283,17,4.5,10.67,10.77,37.48,37.48,33.98,154.46,37.34,10.28,28.5,5,77.93,49.94,33.74,37.34,33.74,150,59,64,273,37,12,1,16,1,74,69,113,172,6,12,137,34,14,44,117,41,51,4.26,5.11,27.97,3,7,27,273,209,209,16,2.99,3.57,3.57,36.76,36.76,34.1
FLA,2024,FLA,FLA,Team Level,all,82,0.55,0.56,0.55,298400,2849.18,286.31,192.27,704.75,97.18,1554.12,1102.36,266.57,286.96,267.22,2589,1348,1522,5459,246,332,34,601,6,1390,1362,2343,3691,323,721,2383,2446,410,1176,2905,686,346,82.28,84.3,119.73,89,78,79,5496.03,3937,3955.32,517,43.02,74.43,74.43,254.9,255.68,245.64,2366.57,235.73,156.99,575.92,79.54,1273.93,927.89,223.66,235.27,223.27,2148,1102,1086,4336,223,221,22,469,7,1057,1273,1925,3027,311,692,2442,1822,375,1139,2420,565,265,66.91,69.88,98.94,69,79,75,4330.32,3250,3242.9,559,35.24,47.45,47.45,223.53,223.27,215.96
FLA,2024,FLA,FLA,Team Level,5on5,82,0.55,0.56,0.55,241236,2201.18,180.27,139.73,575.01,75.17,1205.09,875.73,172.35,180.92,173,1986,1065,1212,4263,153,242,22,485,1,1088,1082,1833,2898,296,664,1857,2280,346,1046,2373,488,190,65.71,60.68,53.88,76,53,24,4300.03,3051,3069.32,461,28.9,48.27,48.85,160.32,161.1,157.99,1835.55,149.12,115.82,468.85,61.94,991.98,744.31,144.05,148.66,143.66,1653,879,883,3415,139,170,17,389,3,822,1009,1514,2393,277,621,1851,1697,310,984,1956,428,148,53.99,53.13,42,60,58,21,3409.32,2532,2524.9,500,24.02,35.17,35.17,137.97,137.72,135.51
FLA,2024,FLA,FLA,Team Level,4on5,82,0.1,0.15,0.17,22910,62.26,5.21,3.13,10.04,2.21,21.56,45.85,5.08,5.21,5.08,67,21,12,100,10,7,3,7,0,9,55,57,78,5,10,158,84,28,43,68,16,4,2.03,1.92,1.26,3,5,2,100,88,88,34,0.72,1.34,1.34,4.59,4.59,4.54,325.3,44.6,28.72,70.86,10.95,188.63,98.23,41.9,44.6,41.9,285,157,132,574,41,34,4,61,3,147,156,244,401,18,36,237,33,20,73,299,84,59,7.62,10.21,26.78,4,11,26,574,442,442,13,7.72,7.34,7.34,44.99,44.99,42.75
FLA,2024,FLA,FLA,Team Level,5on4,82,0.92,0.91,0.88,21779,378.91,57.08,34.24,80.12,12.41,217.7,113.45,52.63,57.08,52.63,356,159,197,712,51,48,7,83,3,188,142,305,464,13,29,223,41,20,52,319,118,78,9.03,14.01,34.03,5,16,30,712,515,515,5,8.89,14.14,13.45,52.51,52.51,49.14,51.28,4.67,2.18,7.71,1.65,15.39,35.41,3.96,4.67,3.96,60,7,7,74,6,5,0,3,0,14,39,54,61,10,23,217,58,31,38,48,12,7,1.04,1.44,2.19,2,3,1,74,67,67,30,0.5,1.37,1.37,3.8,3.8,3.6
TBL,2024,TBL,TBL,Team Level,other,82,0.56,0.54,0.55,10510,158.3,42.65,11.79,26.54,5.16,83.12,45.73,40.86,42.65,40.86,151,64,85,300,45,10,0,25,0,73,62,106,170,4,8,121,24,7,31,100,55,60,3.87,6.99,31.8,5,6,34,300,215,215,10,3.42,2.79,2.79,43.28,43.28,41.7,128.96,33.24,8.96,22.88,4.56,66.3,42.06,29.94,33.24,29.94,104,74,76,254,27,8,0,13,2,70,58,77,151,3,6,115,29,9,35,86,42,50,3.22,5.45,24.57,3,6,18,254,178,178,12,2.57,2.96,2.96,32.85,32.85,30.19
TBL,2024,TBL,TBL,Team Level,all,82,0.53,0.51,0.51,297955,2577.64,271.73,178.85,606.97,85.37,1385.73,998.35,261.05,274.33,263.54,2343,1184,1383,4910,292,243,33,519,4,1141,1328,2051,3235,259,590,2381,1443,348,1190,2533,696,298,74.83,87.57,109.32,102,98,92,4996.46,3527,3570.91,513,39.88,52.21,52.49,259.12,261.44,255.83,2477.09,242.89,165.83,607.91,84.02,1327.84,966.49,227.82,240.99,226.08,2312,1083,1297,4692,216,250,20,508,11,1012,1398,2096,3179,280,637,2373,1996,379,1202,2501,626,268,72.36,76.41,94.12,88,74,54,4619.34,3395,3362.23,571,36.61,51.68,51.72,227.78,226.37,218.05
TBL,2024,TBL,TBL,Team Level,5on5,82,0.51,0.5,0.5,247078,2028.22,176.77,132.75,503.67,67.51,1096.3,810.99,169.93,179.38,172.42,1826,962,1111,3899,186,189,24,432,4,891,1086,1640,2602,230,529,1902,1366,316,1053,2081,533,174,61.48,66.97,48.32,85,76,25,3985.46,2788,2831.91,474,27.62,38.98,39.11,165.29,167.61,164.71,2013.1,167.59,128.05,514.43,68.04,1083.43,802.46,159.88,165.69,158.15,1881,883,1075,3839,144,196,12,440,7,811,1166,1737,2620,249,569,1901,1879,345,1071,2102,499,163,60.43,60.36,46.8,75,52,17,3766.34,2764,2731.23,519,26.58,39.96,40,154.17,152.75,150.19
TBL,2024,TBL,TBL,Team Level,4on5,82,0.14,0.17,0.19,19312,64.89,6.08,3.63,9.12,2.02,20.68,45.48,6.01,6.08,6.01,70,17,17,104,9,5,1,7,0,14,52,61,78,11,25,180,39,16,37,59,22,6,1.86,2.69,1.53,4,3,2,104,87,87,24,0.82,0.76,0.76,6.15,6.15,6.12,283.34,38.08,26.24,62.43,9.68,160.45,85.11,34.03,38.08,34.03,267,115,132,514,35,44,7,52,2,126,123,232,347,21,48,168,29,10,61,257,71,54,6.87,8.68,22.53,5,11,19,514,382,382,9,6.87,8.69,8.69,36.26,36.26,33.19
TBL,2024,TBL,TBL,Team Level,5on4,82,0.92,0.88,0.86,21055,326.23,46.21,30.68,67.63,10.67,185.64,96.16,44.24,46.21,44.24,296,141,170,607,52,39,8,55,0,163,128,244,385,14,28,178,14,9,69,293,86,58,7.63,10.93,27.66,8,13,31,607,437,437,5,8.02,9.69,9.84,44.39,44.39,43.31,51.69,3.99,2.56,8.17,1.74,17.67,36.87,3.96,3.99,3.96,60,11,14,85,10,2,1,3,0,5,51,50,61,7,14,189,59,15,35,56,14,1,1.84,1.92,0.23,5,5,0,85,71,71,31,0.59,0.08,0.08,4.5,4.5,4.47
BOS,2024,BOS,BOS,Team Level,other,82,0.47,0.52,0.5,10178,155.32,34.7,10.73,29,5.38,84.62,52.56,31.68,34.7,31.68,135,82,82,299,35,13,3,21,2,70,76,100,182,4,8,130,27,24,26,116,48,53,4.52,5.59,24.59,7,5,23,299,217,217,7,3.09,5.35,5.35,32.44,32.44,31.26,155.1,38.97,10.81,27.48,5.71,81.09,51.95,36.77,38.97,36.77,146,70,62,278,42,15,3,22,1,72,64,104,174,3,8,131,19,14,29,113,39,64,4.56,4.61,29.79,7,6,29,278,216,216,18,3.18,4.4,4.4,37.75,37.75,36.23
BOS,2024,BOS,BOS,Team Level,all,82,0.48,0.48,0.48,298437,2407.81,236.78,160.15,582.24,81.29,1285.62,938.92,224.33,237.22,224.68,2174,1111,1318,4603,222,239,23,448,7,1007,1362,1952,3063,305,711,2427,2168,438,1335,2421,587,277,67.53,72.75,96.5,71,90,61,4584.87,3285,3282.47,649,35.84,52.92,52.92,219.7,219.93,214.5,2578.71,258.54,169.16,627.15,87.67,1390.91,1024.57,248.26,260.33,249.92,2346,1212,1365,4923,271,251,29,538,11,1103,1384,2075,3287,300,693,2268,1793,439,1319,2636,632,290,74.84,79.51,104.2,108,84,79,4964.07,3558,3588.14,587,37.58,52.93,53.02,243.1,244.37,239.24
BOS,2024,BOS,BOS,Team Level,5on5,82,0.48,0.48,0.47,243937,1845.23,154.43,115.88,462.59,61.81,987.82,740.46,148.28,154.87,148.63,1655,868,1079,3602,153,171,16,360,5,750,1084,1502,2370,274,649,1871,2053,372,1179,1917,441,165,51.37,55.32,47.74,58,74,21,3583.87,2523,2520.47,598,24.02,36.89,37.17,141.28,141.51,139.41,2018.48,164.82,125.9,518.96,68.71,1104.54,816.06,159.03,166.61,160.7,1815,984,1146,3945,165,193,18,436,6,881,1118,1650,2634,275,641,1755,1703,380,1173,2165,482,152,60.32,61.12,43.38,86,59,20,3986.07,2799,2829.14,530,26.08,39.62,39.64,151.26,152.53,150.2
BOS,2024,BOS,BOS,Team Level,4on5,82,0.09,0.14,0.16,22021,58.06,4.53,2.72,9.15,1.91,19.45,41.23,4.42,4.53,4.42,58,21,12,91,3,3,0,4,0,17,52,55,76,8,16,194,60,20,46,64,10,5,1.91,1.33,1.29,3,0,0,91,79,79,35,0.62,0.72,0.72,4.43,4.43,4.42,311.56,45.63,27.86,66.29,10.25,175.93,93.05,43.79,45.63,43.79,291,128,146,565,53,36,8,74,3,132,121,238,366,16,32,211,20,19,79,269,88,62,7.31,10.86,27.46,9,16,28,565,419,419,9,7.27,7.16,7.16,45.74,45.74,44.54
BOS,2024,BOS,BOS,Team Level,5on4,82,0.83,0.82,0.79,22301,349.21,43.11,30.82,81.5,12.17,193.72,104.66,39.94,43.11,39.94,326,140,145,611,31,52,4,63,0,170,150,295,435,19,38,232,28,22,84,324,88,54,9.72,10.5,22.9,3,11,17,611,466,466,9,8.11,9.96,9.67,41.55,41.55,39.41,93.57,9.13,4.59,14.41,2.99,29.35,63.52,8.67,9.13,8.67,94,30,11,135,11,7,0,6,1,18,81,83,113,6,12,171,51,26,38,89,23,12,2.65,2.91,3.58,6,3,2,135,124,124,30,1.05,1.75,1.82,8.36,8.36,8.27
PIT,2024,PIT,PIT,Team Level,other,82,0.4,0.42,0.44,8630,114.8,26.12,8.56,20.53,4.11,61.32,38.36,23.98,26.12,23.98,101,58,59,218,31,10,1,12,2,63,41,70,128,4,8,112,31,14,26,81,43,35,3.23,5.37,17.51,7,10,14,218,159,159,11,2.45,3.4,3.4,25.18,25.18,23.81,147.84,38.84,10.63,26.36,5,76.94,46.24,35.51,38.84,35.51,137,67,91,295,44,19,6,18,0,63,60,93,160,2,4,91,28,8,32,103,45,56,4.33,5.84,28.68,7,10,27,295,204,204,12,3.08,6.54,6.54,35.37,35.37,33.23
PIT,2024,PIT,PIT,Team Level,all,82,0.49,0.5,0.49,298953,2592.99,259.56,181.07,634.7,89.01,1397.33,995.33,245.18,259.46,245.08,2327,1230,1408,4965,242,310,29,501,9,1105,1390,2085,3315,243,523,2441,1665,436,1270,2595,656,306,73.34,82.6,103.62,85,85,72,4945.68,3557,3543.81,554,40.12,67.77,67.77,231.91,231.85,225.4,2649.76,274.8,178.4,638.06,89.52,1432.52,1041.71,260.82,277.2,263.03,2472,1183,1330,4985,287,283,32,513,5,1127,1440,2185,3368,252,549,2185,1647,422,1244,2651,689,315,76.54,86.32,111.94,99,98,90,5031.35,3655,3688.31,600,39.49,59.77,59.77,254.52,256.57,249.23
PIT,2024,PIT,PIT,Team Level,5on5,82,0.49,0.51,0.5,248118,2080.68,177.73,136.8,531.12,71.23,1125.93,826.19,169.86,177.63,169.75,1852,1017,1195,4064,157,230,20,416,7,894,1165,1695,2712,223,477,1953,1582,385,1130,2172,508,189,60.6,64.17,52.95,70,62,25,4044.68,2869,2855.81,506,28.41,46.9,47.1,159.03,158.96,155.78,2095.57,183.56,135.94,528.8,71.21,1130.66,835.83,175.73,185.96,177.94,1932,954,1067,3953,195,226,23,416,5,875,1169,1737,2691,235,517,1742,1554,365,1110,2162,530,194,61.63,66.99,54.95,84,79,32,3999.35,2886,2919.31,543,28.25,46.2,46.29,165.52,167.58,164.62
PIT,2024,PIT,PIT,Team Level,4on5,82,0.07,0.09,0.1,20723,38.09,3.42,1.88,6.43,1.44,12.34,26.51,3.3,3.42,3.3,41,11,7,59,2,1,0,4,0,8,37,39,50,8,20,167,39,18,35,40,9,3,1.18,1.23,1.01,0,2,0,59,52,52,28,0.44,0.49,0.49,3.36,3.36,3.31,330.81,46.26,27.76,70.64,10.74,199.53,105.07,43.56,46.26,43.56,324,136,164,624,44,31,3,71,0,179,135,280,416,13,24,193,16,22,67,306,94,60,8.21,10.96,27.1,6,7,31,624,460,460,14,7.24,6.55,6.46,47.04,47.04,44.84
PIT,2024,PIT,PIT,Team Level,5on4,82,0.9,0.85,0.82,21482,359.41,52.29,33.84,76.61,12.23,197.75,104.27,48.05,52.29,48.05,333,144,147,624,52,69,8,69,0,140,147,281,425,8,18,209,13,19,79,302,96,79,8.32,11.82,32.15,8,11,33,624,477,477,9,8.83,16.98,16.78,44.35,44.35,42.5,75.55,6.13,4.06,12.26,2.58,25.39,54.58,6.02,6.13,6.02,79,26,8,113,4,7,0,8,0,10,76,75,101,2,4,159,49,27,35,80,20,5,2.38,2.54,1.21,2,2,0,113,105,105,31,0.93,0.48,0.48,6.58,6.58,6.55
EDM,2024,EDM,EDM,Team Level,other,82,0.58,0.52,0.54,10810,169.66,40.2,11.43,29.77,5.46,83.76,55.38,36.85,40.2,36.85,151,75,68,294,40,25,8,19,0,73,69,111,186,4,11,116,19,14,40,98,64,64,4.21,7.94,28.05,5,11,24,294,226,226,15,3.32,8.43,8.43,35.09,35.09,33.71,140.26,28.62,9.95,27.4,5.02,76.3,47.72,26.53,28.62,26.53,136,59,81,276,18,13,0,23,2,86,53,118,177,3,6,121,18,16,34,117,39,39,4.37,4.67,19.58,5,2,11,276,195,195,15,2.92,2.49,2.49,29.05,29.05,27.26
EDM,2024,EDM,EDM,Team Level,all,82,0.55,0.54,0.54,297524,2776.72,276.87,183.54,664.53,91.84,1472.04,1094.18,261.76,277.88,262.7,2623,1160,1401,5184,259,299,37,528,8,1185,1504,2364,3524,248,553,2272,1241,443,1215,2758,726,299,81.08,90.15,105.64,90,92,77,5207.26,3783,3803.14,515,40.54,64.87,64.87,252.54,253.49,246.41,2360.14,228.8,151.28,576.37,79.73,1264.6,926.23,218.46,229.35,218.96,2211,1016,1260,4487,235,232,36,454,8,998,1300,1976,2992,253,563,2191,1657,384,1255,2411,560,256,69.52,68.93,90.34,92,83,60,4482.48,3227,3229.44,592,33.41,51.95,51.95,210.26,210.24,204.53
EDM,2024,EDM,EDM,Team Level,5on5,82,0.55,0.54,0.54,247104,2244.84,189.29,142.1,560.09,74.45,1196.61,909.46,181.89,190.3,182.83,2113,959,1191,4263,168,228,22,456,8,953,1259,1945,2904,221,490,1800,1166,390,1081,2329,567,176,68.08,70.93,50.28,75,70,23,4286.26,3072,3092.14,466,29.41,46.43,46.78,171.92,172.88,170.1,1889.64,157.89,116.42,480.49,63.66,1011.23,755.32,152.18,158.45,152.69,1768,817,1034,3619,171,187,31,375,4,774,1074,1597,2414,235,521,1743,1584,328,1123,1974,449,162,56.36,55.56,45.97,79,65,27,3614.48,2585,2587.44,545,24.09,40.29,40.32,141.66,141.64,139.45
EDM,2024,EDM,EDM,Team Level,4on5,82,0.11,0.13,0.16,19353,51.4,4.46,2.33,7.6,1.61,16.41,36.59,4.41,4.46,4.41,54,15,9,78,4,4,1,1,0,15,45,50,65,9,21,157,45,21,33,48,17,4,1.22,2.15,1.08,2,1,1,78,69,69,25,0.53,0.81,0.59,4.4,4.4,4.38,274.65,37.4,22.44,60.42,9.28,159.88,84.59,34.93,37.4,34.93,253,121,141,515,42,29,5,53,2,129,119,211,332,7,17,179,24,17,68,266,58,50,7.3,6.77,23.32,6,14,22,515,374,374,11,5.81,8.45,8.42,34.79,34.79,33.1
EDM,2024,EDM,EDM,Team Level,5on4,82,0.9,0.88,0.85,20257,310.82,42.93,27.66,67.07,10.32,175.25,92.75,38.6,42.93,38.6,305,111,133,549,47,42,6,52,0,144,131,258,369,14,31,199,11,18,61,283,78,55,7.57,9.13,26.23,8,10,29,549,416,416,9,7.28,9.21,9.08,41.13,41.13,38.22,55.6,4.9,2.47,8.06,1.77,17.19,38.61,4.81,4.9,4.81,54,19,4,77,4,3,0,3,0,9,54,50,69,8,19,148,31,23,30,54,14,5,1.49,1.94,1.46,2,2,0,77,73,73,21,0.58,0.71,0.71,4.77,4.77,4.73
COL,2024,COL,COL,Team Level,other,82,0.51,0.53,0.55,12333,199.88,44.1,15.02,35.81,6.85,111.65,62.57,41.21,44.1,41.21,189,87,82,358,51,17,2,17,1,110,80,138,225,7,14,136,23,25,41,143,70,63,5.84,8.8,29.46,9,7,35,358,276,276,10,4.4,3.98,3.98,44.51,44.51,42.45,157.12,42.11,11.63,28.45,5.54,86.47,48.79,38.36,42.11,38.36,135,88,93,316,30,23,4,23,2,96,49,105,193,8,16,149,17,16,35,102,55,66,3.42,6.79,31.9,2,5,23,316,223,223,16,3.38,7.28,8.1,37.39,37.39,35.46
COL,2024,COL,COL,Team Level,all,82,0.53,0.54,0.54,298088,2668.05,259.53,176.51,651.61,90.08,1473.88,1049.38,247.71,260.64,248.78,2451,1250,1541,5242,273,250,32,468,7,1203,1500,2178,3428,234,508,2223,1549,416,1234,2761,665,275,81.1,81.76,96.66,108,79,86,5264.06,3701,3712.7,515,39.24,52.46,52.76,246,247.09,240.42,2325.69,231.75,155.84,570.77,78.41,1250.73,899.5,221.07,231.82,221.15,2126,1061,1319,4506,231,251,34,470,4,994,1237,1895,2956,264,561,2499,1633,383,1252,2321,606,260,62.49,76.34,92.91,79,75,77,4498.37,3187,3186.6,570,34.73,52.62,52.62,213.85,214.04,209.36
COL,2024,COL,COL,Team Level,5on5,82,0.53,0.54,0.54,244320,2117.01,170.91,132.32,546.32,71.62,1164.7,854.11,165.62,172.02,166.7,1926,1014,1302,4242,165,193,24,396,5,951,1230,1761,2775,208,453,1755,1468,362,1092,2275,509,156,65.13,62.65,43.14,81,57,27,4264.06,2940,2951.7,464,27.37,38.75,38.81,159.48,160.56,158.17,1831.64,151.44,115.98,471,61.46,983.06,728.08,145.95,151.5,146.01,1668,843,1085,3596,155,189,29,394,2,743,1028,1513,2356,236,503,1984,1556,326,1125,1900,467,144,50.59,59.39,41.45,66,56,33,3588.36,2511,2510.6,527,24.01,38.64,38.35,137.1,137.28,135.49
COL,2024,COL,COL,Team Level,4on5,82,0.1,0.14,0.16,19687,54.69,3.71,2.35,8.19,1.74,17.23,39.78,3.69,3.71,3.69,60,13,10,83,5,2,0,2,0,12,52,55,68,8,16,150,41,19,36,58,12,3,1.71,1.35,0.66,4,1,0,83,73,73,31,0.55,0.33,0.33,3.93,3.93,3.92,283.32,33.44,25.75,63.17,9.69,164.94,86.02,32.14,33.44,32.14,270,113,129,512,39,33,0,49,0,151,111,231,344,12,26,191,23,14,61,272,66,45,7.28,8.06,18.1,9,11,19,512,383,383,2,6.76,5.42,4.89,35.32,35.32,34.37
COL,2024,COL,COL,Team Level,5on4,82,0.9,0.87,0.85,21748,296.48,40.81,26.82,61.3,9.86,180.29,92.91,37.19,40.81,37.19,276,136,147,559,52,38,6,53,1,130,138,224,360,11,25,182,17,10,65,285,74,53,8.43,8.97,23.41,14,14,24,559,412,412,10,6.91,9.39,9.64,38.08,38.08,35.88,53.61,4.76,2.49,8.14,1.72,16.26,36.62,4.62,4.76,4.62,53,17,12,82,7,6,1,4,0,4,49,46,63,8,16,175,37,27,31,47,18,5,1.19,2.11,1.45,2,3,2,82,70,70,25,0.58,1.29,1.29,4.05,4.05,4.03
WSH,2024,WSH,WSH,Team Level,other,82,0.56,0.47,0.48,11046,149.82,41.98,9.01,26.78,4.94,73.39,52.89,39.24,41.98,39.24,133,76,71,280,42,7,0,24,1,76,59,91,167,6,23,127,35,13,25,122,27,60,4.77,3.68,33.53,5,3,34,280,209,209,7,2.57,1.73,1.73,42.83,42.83,40.04,166.07,32.32,12.04,31.01,5.71,95.11,50.81,28.93,32.32,28.93,140,87,88,315,25,14,1,35,2,86,65,115,202,4,13,142,23,18,30,125,62,40,5.09,7.83,19.4,4,4,17,315,227,227,8,3.53,5.08,5.2,30.65,30.65,27.85
WSH,2024,WSH,WSH,Team Level,all,82,0.52,0.5,0.51,298534,2566.19,274.21,167.8,622.85,87.07,1368.66,1015.39,261.01,276.03,262.82,2268,1268,1348,4884,286,255,31,475,3,1054,1463,1982,3250,296,671,2308,1580,362,1211,2535,679,322,73.73,86.29,114.2,103,83,100,4930.33,3536,3568.24,560,37.14,53.95,54.02,257.34,259.15,251.62,2525.94,250.38,166.37,606.77,85.76,1355.26,986.46,236.53,250.36,236.58,2231,1220,1458,4909,229,252,27,478,9,1097,1386,2002,3222,281,642,2291,1612,355,1192,2503,663,285,71.54,83.22,95.62,75,82,72,4889.07,3451,3443.75,564,37.18,55.8,55.8,231.75,231.88,224.48
WSH,2024,WSH,WSH,Team Level,5on5,82,0.52,0.51,0.51,244800,2036.11,184.2,128.16,516.91,69.35,1095.67,821.7,176.87,186.02,178.68,1786,1030,1127,3943,190,200,28,390,0,829,1207,1596,2626,261,588,1791,1454,307,1079,2086,536,194,60.61,68.46,55.13,84,64,42,3989.33,2816,2848.24,516,26.64,42.43,42.43,168.42,170.24,167.3,1955.11,170.84,122.73,490.01,66.37,1038.29,783.74,163.7,170.82,163.73,1720,952,1187,3859,160,191,19,366,5,841,1109,1560,2512,246,559,1752,1528,307,1053,1993,493,186,55.82,62.52,52.5,66,62,32,3839.07,2672,2664.75,512,25.44,40.74,40.62,155.66,155.79,153.23
WSH,2024,WSH,WSH,Team Level,4on5,82,0.13,0.13,0.15,22191,63.3,6.09,3.14,9.7,2.1,19.93,43.02,5.97,6.09,5.97,65,19,11,95,8,3,0,2,1,15,55,57,76,6,15,184,49,26,37,58,21,5,1.58,2.73,1.77,4,3,1,95,84,84,31,0.72,1.01,1.09,5.72,5.72,5.66,341.65,41.19,28.77,76.47,11.78,202.24,108.54,37.94,41.19,37.94,302,167,173,642,38,43,6,72,2,156,158,264,431,17,37,225,20,11,75,327,89,53,9.03,10.27,21.9,5,12,21,642,469,469,14,7.56,9.2,9.2,39.55,39.55,37.54
WSH,2024,WSH,WSH,Team Level,5on4,82,0.87,0.86,0.84,20497,316.95,41.93,27.49,69.46,10.68,179.67,97.77,38.94,41.93,38.94,284,143,139,566,46,45,3,59,1,134,142,238,381,23,45,206,42,16,70,269,95,63,6.76,11.41,23.75,10,13,23,566,427,427,6,7.21,8.77,8.77,40.37,40.37,38.61,63.11,6.02,2.83,9.27,1.9,19.61,43.37,5.96,6.02,5.96,69,14,10,93,6,4,1,5,0,14,54,63,77,14,33,172,41,19,34,58,19,6,1.59,2.61,1.82,0,4,2,93,83,83,30,0.64,0.78,0.78,5.88,5.88,5.86
VAN,2024,VAN,VAN,Team Level,other,82,0.52,0.52,0.52,11302,160.99,36.61,10.37,29.45,5.6,83.64,58.33,33.64,36.61,33.64,138,86,69,293,30,20,5,16,1,76,81,108,194,3,6,125,36,8,37,117,47,60,4.5,5.53,26.58,6,5,19,293,224,224,15,3.01,7.17,7.29,32.32,32.32,30.32,150.41,34.39,10.17,28.18,5.01,77.09,52.22,32.76,34.39,32.76,140,68,67,275,48,15,5,13,1,63,68,92,160,9,16,100,29,14,39,111,44,53,4.29,5.16,24.94,9,10,29,275,208,208,18,2.91,5.22,5.22,32.01,32.01,30.92
VAN,2024,VAN,VAN,Team Level,all,82,0.49,0.49,0.49,300021,2346.42,230.65,155.85,565.59,79.53,1289.15,949.25,219.16,231.29,219.79,2096,1174,1325,4595,233,235,37,431,7,1101,1263,1863,3037,293,661,2208,2213,356,1097,2482,503,285,66.89,62.99,100.76,91,67,75,4609.01,3270,3281.36,525,34.6,55.39,55.39,209.87,210.43,204.57,2470.21,237.81,163.87,600.85,83.78,1345.88,985.87,227.37,238.5,228.04,2196,1223,1306,4725,251,244,38,454,3,1144,1323,1945,3168,291,663,2311,1682,346,1235,2553,596,270,69.43,75.23,93.16,103,72,76,4728.24,3419,3422.86,558,36.27,53.62,53.96,220.06,220.52,215.08
VAN,2024,VAN,VAN,Team Level,5on5,82,0.49,0.49,0.49,244749,1821.36,147.88,115.06,459.13,61.21,1003.65,749.06,141.53,148.53,142.16,1622,914,1099,3635,152,171,25,359,5,848,1001,1470,2384,273,621,1726,2065,317,962,1994,375,167,53.21,47.63,47.03,75,48,29,3649.01,2536,2547.36,479,23.72,37.38,37.26,134.35,134.91,132.52,1935.1,154.34,120.72,494.18,65.38,1060.66,792.72,148.37,155.03,149.04,1693,995,1083,3771,162,181,26,373,2,916,1054,1531,2526,266,615,1800,1590,300,1053,2103,433,152,55.32,55.5,43.52,88,49,25,3774.23,2688,2691.86,485,24.99,37.86,38.2,141.14,141.58,139.01
VAN,2024,VAN,VAN,Team Level,4on5,82,0.09,0.14,0.16,22594,61.03,4.19,2.63,9.16,1.94,19.59,45.5,4.15,4.19,4.15,62,21,12,95,4,3,0,2,1,19,54,58,79,7,14,176,84,18,33,68,13,2,1.91,1.83,0.46,1,2,1,95,83,83,23,0.6,0.21,0.21,4.58,4.58,4.54,327.89,44.03,29.83,69.97,11.44,188.5,100.23,41.21,44.03,41.21,301,143,145,589,35,44,7,63,0,157,145,266,409,10,20,223,17,21,96,281,105,58,8.1,12.87,23.05,5,9,21,589,444,444,16,7.65,10.18,10.18,41.5,41.5,39.76
VAN,2024,VAN,VAN,Team Level,5on4,82,0.89,0.86,0.84,21376,303.05,41.98,27.79,67.84,10.77,182.27,96.35,39.85,41.98,39.85,274,153,145,572,47,41,7,54,0,158,127,227,380,10,20,181,28,13,65,303,68,56,7.29,8,26.7,9,12,26,572,427,427,8,7.28,10.63,10.63,38.62,38.62,37.2,56.81,5.06,3.15,8.51,1.96,19.62,40.7,5.02,5.06,5.02,62,17,11,90,6,4,0,5,0,8,56,56,73,6,12,188,46,11,47,58,14,7,1.72,1.69,1.65,1,4,1,90,79,79,39,0.71,0.35,0.35,5.42,5.42,5.4
CAR,2024,CAR,CAR,Team Level,other,82,0.53,0.52,0.54,10823,150.22,37.56,9.86,26.4,5.04,82.08,50.06,33.73,37.56,33.73,140,71,72,283,35,12,3,20,2,77,65,105,176,6,15,120,23,18,38,101,55,55,4.31,6.38,26.86,2,6,27,283,211,211,19,2.93,4.05,4.05,36.44,36.44,33.96,129.01,33.05,9.62,23.62,4.64,70.54,36.53,31.46,33.05,31.46,115,63,81,259,26,13,1,16,1,71,51,89,152,7,17,119,18,9,28,87,37,54,3.44,4.6,25,4,0,22,259,178,178,12,2.89,3.52,3.52,32.41,32.41,31.13
CAR,2024,CAR,CAR,Team Level,all,82,0.55,0.59,0.58,297020,3006.91,293.06,197.35,740.64,101.27,1623.81,1169.88,277.54,294.71,279.14,2599,1527,1634,5760,266,317,29,545,11,1417,1570,2333,3860,273,590,2574,1415,452,1329,2998,814,314,85.43,101.22,106.41,89,103,74,5806.33,4126,4155.22,563,43.73,59.31,59.44,277.35,278.89,269.54,2245.65,236.84,154.37,531.91,75.85,1189.28,858.76,225.36,236.82,225.34,2045,1002,1035,4082,230,258,28,384,9,900,1266,1815,2817,270,586,2309,1915,408,1349,2123,632,292,61.48,77.66,97.7,82,76,72,4069.92,3047,3045.03,653,34.56,55.89,55.89,215.52,215.64,210.48
CAR,2024,CAR,CAR,Team Level,5on5,82,0.56,0.59,0.58,239758,2385.52,201.45,149.53,617.26,81.04,1283.16,946.54,193.89,203.09,195.48,2019,1260,1388,4667,176,263,22,444,8,1107,1281,1843,3103,234,498,2031,1327,386,1163,2453,632,194,68.88,78.94,53.63,75,74,27,4713.33,3279,3308.22,500,31.12,47.2,47.33,185.24,186.77,183.34,1760.52,161.18,114.96,432.49,59.29,928.85,692.24,154.33,161.16,154.31,1604,785,835,3224,167,189,22,310,8,684,1031,1437,2222,243,526,1769,1787,360,1199,1720,485,184,49.73,60.09,51.36,71,64,32,3211.92,2389,2387.03,601,23.94,41.35,41.35,143.76,143.89,141.44
CAR,2024,CAR,CAR,Team Level,4on5,82,0.17,0.17,0.19,23063,73.9,7.49,3.66,10.75,2.28,22.84,48.99,7.33,7.49,7.33,75,21,10,106,10,5,0,4,0,21,56,65,86,12,32,178,45,24,44,62,25,9,1.81,3.45,2.23,3,7,0,106,96,96,33,0.84,1.01,1.01,7.31,7.31,7.28,297.1,36.23,26.94,67.03,10.14,171.55,90.12,33.39,36.23,33.39,263,139,102,504,32,51,3,53,0,136,130,231,370,9,18,228,44,18,80,264,93,45,6.96,10.86,18.41,6,10,16,504,402,402,8,7.09,9.41,9.41,33.9,33.9,32.5
CAR,2024,CAR,CAR,Team Level,5on4,82,0.88,0.88,0.87,23376,397.26,46.57,34.29,86.22,12.91,235.73,124.28,42.59,46.57,42.59,365,175,164,704,45,37,4,77,1,212,168,320,495,21,45,245,20,24,84,382,102,56,10.43,12.45,23.69,9,16,20,704,540,540,11,8.84,7.05,7.05,48.37,48.37,44.97,59.02,6.4,2.84,8.76,1.79,18.34,39.87,6.18,6.4,6.18,63,15,17,95,5,5,2,5,0,9,54,58,73,11,25,193,66,21,42,52,17,9,1.36,2.11,2.93,1,2,2,95,78,78,32,0.66,1.61,1.61,5.45,5.45,5.41
WPG,2024,WPG,WPG,Team Level,other,82,0.48,0.49,0.52,9678,133.95,29.83,9.12,24.44,4.53,75.43,45.73,28.63,29.83,28.63,128,62,60,250,46,8,3,17,1,62,56,82,144,2,4,114,30,10,25,112,38,40,4.15,4.7,20.99,10,9,27,250,190,190,18,2.71,2.5,1.83,30.65,30.65,29.62,128.6,31.94,9.13,23.06,4.28,67.57,42.02,29.64,31.94,29.64,116,62,79,257,29,17,2,17,1,66,48,87,149,3,6,105,31,12,22,96,32,50,3.77,4.02,24.14,3,3,23,257,178,178,9,2.63,4.99,4.99,29.57,29.57,27.94
WPG,2024,WPG,WPG,Team Level,all,82,0.53,0.5,0.51,297595,2562.68,257.74,171.27,623.01,86.52,1389.55,1010.97,245.9,260.74,248.78,2316,1224,1250,4790,275,271,39,518,6,1097,1373,2041,3265,227,503,2206,1700,415,1147,2559,680,301,70.24,83.67,103.84,91,90,94,4867.29,3540,3589.7,549,37.93,57.44,57.51,238.11,240.82,234.75,2494.24,230.89,166.12,622.11,85.37,1366.18,991.33,220.4,229.91,219.41,2229,1233,1378,4840,190,253,23,499,6,1197,1317,2039,3272,249,537,2266,2007,396,1209,2642,570,250,72.79,71.42,86.67,73,51,66,4775.98,3462,3431.32,570,36.7,48.63,48.63,218.96,217.88,212.46
WPG,2024,WPG,WPG,Team Level,5on5,82,0.53,0.5,0.51,249415,2085.52,176.84,132.59,530.86,70.58,1128.21,847.9,169.62,179.84,172.49,1860,1027,1072,3959,170,222,28,448,5,889,1153,1690,2717,211,471,1773,1618,364,1031,2164,534,189,58.25,65.43,53.16,72,67,31,4036.29,2887,2936.7,498,27.58,44.74,44.8,159.61,162.33,159.19,2013.85,157.44,127.76,523.53,69.11,1109.51,819.68,151.74,156.45,150.74,1794,1013,1133,3940,119,192,20,434,5,973,1084,1675,2688,221,481,1809,1898,352,1096,2211,453,143,61.08,56.86,39.49,61,35,23,3875.98,2807,2776.32,530,26.43,36.89,36.89,146.99,145.89,143.46
WPG,2024,WPG,WPG,Team Level,4on5,82,0.1,0.1,0.12,19300,41.54,3.95,2.14,5.94,1.37,13.4,28.21,3.88,3.95,3.88,41,14,7,62,1,1,0,3,0,11,39,40,54,6,12,148,39,24,33,36,14,5,0.86,1.85,1.25,0,1,0,62,55,55,26,0.49,0.15,0.15,4.29,4.29,4.24,297.27,37.13,26.64,66.81,10.19,171.84,91.39,34.8,37.13,34.8,259,145,155,559,38,39,0,43,0,149,135,221,366,15,30,196,22,11,56,279,73,52,6.45,8.94,21.75,7,12,19,559,404,404,2,7.03,5.96,5.96,38.21,38.21,36.97
WPG,2024,WPG,WPG,Team Level,5on4,82,0.91,0.86,0.85,19202,301.67,47.11,27.43,61.77,10.04,172.52,89.14,43.77,47.11,43.77,287,121,111,519,58,40,8,50,0,135,125,229,350,8,16,171,13,17,58,247,94,67,6.98,11.68,28.45,9,13,36,519,408,408,7,7.16,10.06,10.72,43.55,43.55,41.71,54.52,4.39,2.59,8.71,1.8,17.27,38.24,4.22,4.39,4.22,60,13,11,84,4,5,1,5,0,9,50,56,69,10,20,156,56,21,35,56,12,5,1.49,1.6,1.3,2,1,1,84,73,73,29,0.6,0.78,0.78,4.21,4.21,4.08
NSH,2024,NSH,NSH,Team Level,other,82,0.58,0.6,0.59,12490,197.1,52.29,13.9,33.96,6.87,106.31,60.67,45.55,52.29,45.55,174,100,117,391,32,27,3,41,4,86,84,142,242,10,23,157,28,16,37,115,78,81,4.94,9.67,37.68,4,8,20,391,274,274,20,4.25,9.89,10.27,46.26,46.26,42.36,138.24,37.39,9.17,23.95,4.63,69.66,48.19,35.27,37.39,35.27,125,68,64,257,43,8,1,20,2,58,62,82,150,9,21,136,35,15,46,86,50,57,3.41,6.14,27.84,6,6,31,257,193,193,21,2.72,2.14,1.48,38.63,38.63,36.73
NSH,2024,NSH,NSH,Team Level,all,82,0.51,0.52,0.51,297303,2587.49,264.11,175.89,615.31,87.2,1413.75,1006.75,248.79,263.44,248.16,2403,1160,1441,5004,212,267,25,541,9,1117,1417,2191,3351,302,728,2403,1933,392,1252,2572,698,293,73.62,86.91,103.58,66,83,63,4962.73,3563,3544.74,557,39.39,58.32,58.32,245.18,244.62,236.34,2498.31,256.3,169.68,597.08,82.89,1338.2,975.87,243.79,257.77,245.26,2344,1076,1254,4674,274,236,20,457,4,1029,1420,2070,3146,290,713,2284,1723,438,1304,2453,686,281,74.09,83.67,98.54,116,81,77,4716.93,3420,3446.93,614,37.79,48.64,48.64,245.45,247.01,239.68
NSH,2024,NSH,NSH,Team Level,5on5,82,0.5,0.51,0.5,240809,1984.42,166.91,129.88,497.97,67.05,1082.48,793.71,161.1,166.25,160.47,1833,905,1152,3890,130,192,18,428,4,846,1138,1703,2608,257,629,1853,1825,336,1110,2065,518,155,58.76,64.93,43.23,54,56,20,3848.74,2738,2719.74,503,26.94,37.88,37.55,156.3,155.74,153.23,2004.58,169.15,129.81,501.65,66.98,1079.66,803.76,162.76,170.62,164.24,1876,875,1047,3798,190,196,16,372,1,820,1172,1686,2561,256,634,1784,1616,387,1141,2073,519,159,61.73,63.58,43.84,105,60,25,3840.93,2751,2777.93,547,26.99,36.79,37.46,158.69,160.25,157.42
NSH,2024,NSH,NSH,Team Level,4on5,82,0.1,0.14,0.16,23253,58.43,4.84,2.51,8.51,1.7,18.34,42.09,4.72,4.84,4.72,60,18,7,85,1,3,0,9,1,8,56,59,77,13,29,199,57,27,36,61,10,7,1.76,1.32,1.76,1,0,0,85,78,78,28,0.58,0.71,0.71,4.72,4.72,4.61,305.22,45.46,28.05,63.67,9.68,171.91,89.24,41.49,45.46,41.49,284,124,131,539,37,32,3,63,1,140,135,247,371,17,37,189,24,24,79,247,98,63,7.49,11.61,26.36,5,11,21,539,408,408,16,7.48,9.7,9.7,43.25,43.25,40.66
NSH,2024,NSH,NSH,Team Level,5on4,82,0.9,0.89,0.87,20751,347.55,40.06,29.59,74.87,11.57,206.62,110.29,37.41,40.06,37.41,336,137,165,638,49,45,4,63,0,177,139,287,424,22,47,194,23,13,69,331,92,50,8.16,10.99,20.92,7,19,23,638,473,473,6,7.63,9.85,9.79,37.9,37.9,36.14,50.27,4.29,2.66,7.8,1.62,16.97,34.66,4.27,4.29,4.27,59,9,12,80,4,0,0,2,0,11,51,55,64,8,21,175,48,12,38,47,19,2,1.44,2.35,0.5,0,4,0,80,68,68,30,0.61,0,0,4.89,4.89,4.87
STL,2024,STL,STL,Team Level,other,82,0.5,0.52,0.49,10845,128.19,28.68,9.11,23.54,4.25,68.54,42.94,26.58,28.68,26.58,122,56,93,271,33,15,8,14,3,60,53,89,145,2,4,146,30,14,32,93,42,43,3.91,5.27,19.5,9,7,17,271,178,178,12,2.62,5.37,5.37,25.87,25.87,24.54,134.1,28.27,9.23,22.42,4.39,73.83,46.87,25.52,28.27,25.52,119,66,61,246,32,10,3,17,1,60,65,87,153,4,8,106,32,19,28,89,56,40,3.68,6.53,18.06,6,11,15,246,185,185,9,2.65,4.39,4.39,26.52,26.52,25.33
STL,2024,STL,STL,Team Level,all,82,0.49,0.49,0.49,298883,2314.46,222.26,153.26,557.15,76.01,1259.23,908.22,213.8,223.62,215.09,2186,992,1323,4501,250,204,36,458,6,937,1323,1936,2928,248,573,2329,2003,367,1293,2370,560,248,68.9,69.56,83.8,100,77,73,4522.12,3178,3188.42,593,33.79,44.72,44.72,211.2,212.38,207.92,2429.08,231.25,160.45,589.87,81.97,1323.63,963.84,218.36,231.77,218.85,2236,1115,1392,4743,231,239,24,517,3,1049,1312,2005,3120,250,582,2188,1699,400,1209,2490,599,262,69.39,73.28,88.57,81,84,66,4731.04,3351,3359.15,557,35.47,49.29,49.29,217.43,217.96,211.92
STL,2024,STL,STL,Team Level,5on5,82,0.5,0.48,0.49,251379,1870.68,156.09,118.36,468.45,61.13,1014.63,749.41,151.57,157.45,152.86,1775,794,1100,3669,175,155,23,388,1,745,1105,1600,2394,235,544,1843,1915,328,1184,1963,446,160,56.16,55.94,43.98,85,60,30,3690.12,2569,2579.42,555,24.46,32.98,33.23,147.26,148.44,146.6,1955.26,158.88,123.16,496.98,66.03,1062.56,791.38,153.22,159.41,153.7,1790,909,1202,3901,147,189,16,442,2,837,1082,1643,2552,232,541,1770,1600,345,1111,2079,454,166,57.01,56.1,45.77,63,61,23,3889.04,2699,2707.15,528,25.59,36.52,36.53,147.94,148.47,146.08
STL,2024,STL,STL,Team Level,4on5,82,0.07,0.11,0.13,18290,43.06,2.87,1.91,6.12,1.29,13.69,32.13,2.84,2.87,2.84,48,10,6,64,3,0,0,3,0,6,46,45,55,2,4,167,30,14,27,49,8,1,1.68,0.89,0.3,2,1,0,64,58,58,21,0.44,0,0,3.3,3.3,3.27,290.86,40.67,25.69,62.6,9.95,171.08,90,36.28,40.67,36.28,274,126,119,519,47,38,5,54,0,142,119,227,353,9,18,156,13,20,45,266,82,52,7.18,9.69,23.8,9,11,27,519,400,400,5,6.69,7.98,7.98,39.38,39.38,36.97
STL,2024,STL,STL,Team Level,5on4,82,0.91,0.87,0.85,18369,272.53,34.63,23.87,59.05,9.34,162.37,83.75,32.8,34.63,32.8,241,132,124,497,39,34,5,53,2,126,119,202,334,9,21,173,28,11,50,265,64,44,7.14,7.47,20.01,4,9,26,497,373,373,5,6.28,6.38,6.13,34.77,34.77,33.5,48.87,3.43,2.36,7.87,1.6,16.16,35.57,3.35,3.43,3.35,53,14,10,77,5,2,0,4,0,10,46,48,62,5,15,156,54,16,25,56,7,4,1.52,0.97,0.94,3,1,1,77,67,67,15,0.55,0.4,0.4,3.58,3.58,3.54
ANA,2024,ANA,ANA,Team Level,other,82,0.43,0.44,0.44,11675,157.69,35.85,10.74,28.82,5.53,82.56,52.51,32.66,35.85,32.66,147,69,80,296,34,19,3,22,0,75,66,113,182,7,14,135,30,11,33,108,54,54,4.29,6.65,24.9,10,7,17,296,216,216,17,3.1,5.48,5.48,33.47,33.47,31.14,201.84,46.74,13.89,36.19,6.86,107.22,67.08,41.2,46.74,41.2,194,84,101,379,38,16,4,41,1,86,96,156,240,7,14,156,34,15,32,145,61,72,6.3,7.3,33.14,4,11,23,379,278,278,14,4.22,7.48,7.48,43.49,43.49,39.29
ANA,2024,ANA,ANA,Team Level,all,82,0.45,0.46,0.46,299356,2508.99,241.34,163.58,615.17,85.04,1354.26,992.67,228.34,240.12,227.22,2270,1183,1302,4755,217,283,31,513,8,1064,1368,2053,3236,310,657,2087,1876,349,1171,2569,614,270,75.36,75.46,90.51,89,74,54,4711.01,3453,3432.41,556,36.14,59.92,59.92,217.5,216.54,210.01,2931.27,296.71,198.68,699.52,98.33,1598.89,1147.85,280.82,298.38,282.45,2649,1391,1509,5549,261,279,39,654,6,1275,1565,2388,3779,284,607,2588,1448,358,1108,2962,743,335,88.24,92.51,115.95,78,96,87,5608.25,4040,4071.7,497,44.34,60.19,60.25,280.81,282.23,272.05
ANA,2024,ANA,ANA,Team Level,5on5,82,0.45,0.46,0.46,242858,1967.5,160.38,121.86,504.28,66.47,1057.91,800.17,153.64,159.16,152.51,1774,938,1063,3775,157,220,25,425,6,800,1104,1617,2555,278,590,1611,1774,298,1045,2114,435,163,60.31,53.84,46.24,73,59,25,3731.01,2712,2691.41,501,25.26,44.84,45.04,140.54,139.58,137,2309.94,195.44,148.78,579.29,77.75,1263.2,930.54,188.82,197.1,190.44,2065,1130,1251,4446,164,218,24,529,4,1009,1271,1901,3031,257,550,1983,1362,306,980,2427,577,191,71.53,72.53,51.37,62,69,33,4505.25,3195,3226.7,455,30.78,41.5,41.91,184.3,185.72,182.71
ANA,2024,ANA,ANA,Team Level,4on5,82,0.12,0.12,0.13,22389,54.97,6.6,2.76,8.78,1.99,16.67,36.2,5.7,6.6,5.7,59,14,15,88,3,9,1,1,0,9,51,56,70,10,20,172,65,24,31,47,16,10,1.59,2.22,2.78,1,1,1,88,73,73,25,0.63,2.49,2.49,4.74,4.74,4.6,363.96,48.8,33.19,75.89,11.74,211.54,112.83,45.12,48.8,45.12,335,159,150,644,54,45,11,78,1,167,149,281,440,6,10,228,14,11,63,342,87,65,8.86,10.34,29.6,10,14,30,644,494,494,2,8.7,11.22,10.86,46.64,46.64,43.73
ANA,2024,ANA,ANA,Team Level,5on4,82,0.87,0.88,0.86,22434,328.83,38.52,28.24,73.29,11.06,197.12,103.78,36.34,38.52,36.34,290,162,144,596,23,35,2,65,2,180,147,267,429,15,33,169,7,16,62,300,109,43,9.18,12.74,16.59,5,7,11,596,452,452,13,7.15,7.11,6.92,38.75,38.75,37.26,55.51,5.73,2.82,8.15,1.97,16.93,37.4,5.68,5.73,5.68,55,18,7,80,5,0,0,6,0,13,49,50,68,14,33,221,38,26,33,48,18,7,1.56,2.34,1.83,2,2,1,80,73,73,26,0.65,0,0,6.38,6.38,6.31
NJD,2024,NJD,NJD,Team Level,other,82,0.58,0.55,0.55,11236,170.85,40.75,12.89,31.25,6.1,88.84,51.17,37.51,40.75,37.51,153,78,81,312,32,26,1,22,1,86,64,121,199,6,14,116,41,11,26,109,61,61,4.61,7.63,28.51,4,10,18,312,231,231,9,3.69,7.27,7.27,37.17,37.17,35.31,135.8,29.53,9.53,25.56,4.71,74.95,45.72,26.99,29.53,26.99,121,69,64,254,29,17,2,18,2,63,61,92,161,4,8,102,42,10,30,98,49,43,4.05,5.53,19.95,6,4,19,254,190,190,11,2.7,4.45,5.12,27.12,27.12,25.18
NJD,2024,NJD,NJD,Team Level,all,82,0.53,0.52,0.51,297808,2581.81,276.25,176.98,620.36,87.94,1370.15,978.31,261.73,277.75,263.14,2304,1206,1491,5001,240,295,32,480,6,1101,1388,2064,3270,271,611,2256,1929,342,1252,2494,677,339,72.88,84.39,118.98,85,72,83,5034.31,3510,3532.84,604,39.64,62.67,63.22,252.68,253.93,246.37,2459.57,243.35,166.14,602.62,83.94,1331.67,966.29,228.18,243.43,228.23,2164,1230,1277,4671,220,268,30,451,8,1022,1425,1944,3174,258,579,2272,1777,361,1212,2507,612,275,71.14,76.36,95.84,84,77,59,4644.39,3394,3377.96,553,36.92,55.92,56,224.25,223.78,215.21
NJD,2024,NJD,NJD,Team Level,5on5,82,0.52,0.51,0.5,244612,1999.83,172.34,128.55,507.99,68.11,1067.61,787.41,165.79,173.83,167.19,1755,977,1217,3949,149,218,23,395,2,831,1137,1606,2583,251,569,1771,1796,297,1107,2055,489,188,58.47,61.13,52.74,73,46,30,3982.31,2732,2754.84,553,26.73,42.4,42.96,156.12,157.36,154.88,1957.23,161.44,123.74,502.14,66.86,1062.37,790.44,155.74,161.54,155.79,1717,990,1043,3750,152,189,19,389,5,804,1168,1565,2555,240,543,1815,1664,318,1070,2063,492,152,57.61,61.63,42.2,67,64,21,3723.39,2707,2690.96,505,25.67,37.07,36.67,150.43,149.98,147.76
NJD,2024,NJD,NJD,Team Level,4on5,82,0.13,0.14,0.16,22307,60.5,7.08,3.37,8.66,1.95,19.03,39.9,6.83,7.08,6.83,63,17,16,96,6,6,0,4,0,11,53,57,74,5,10,173,53,20,36,49,23,8,1.76,3.02,2.3,3,2,1,96,80,80,29,0.76,1.08,1.07,6.77,6.77,6.75,311.99,46.95,30.05,66.97,10.59,177.74,93.7,40.24,46.95,40.24,268,158,157,583,36,58,9,42,0,145,145,232,390,10,20,192,24,17,71,298,53,75,7.97,6.71,32.27,9,8,19,583,426,426,3,7.9,13.59,13.4,41.45,41.45,37.05
NJD,2024,NJD,NJD,Team Level,5on4,82,0.91,0.88,0.87,19653,350.62,56.1,32.17,72.46,11.77,194.67,99.83,51.6,56.1,51.6,333,134,177,644,53,45,8,59,3,173,134,280,414,9,18,196,39,14,83,281,104,82,8.05,12.62,35.43,5,14,34,644,467,467,13,8.47,11.93,11.93,52.63,52.63,49.44,54.57,5.41,2.81,7.95,1.79,16.62,36.42,5.21,5.41,5.21,58,13,13,84,3,4,0,2,1,10,51,55,68,4,8,163,47,16,41,48,18,5,1.5,2.49,1.42,2,1,0,84,71,71,34,0.64,0.8,0.8,5.24,5.24,5.21
DET,2024,DET,DET,Team Level,other,82,0.49,0.47,0.49,10193,143.38,38.98,9.83,25.01,4.78,69.81,45.59,35,38.98,35,131,63,58,252,33,14,3,24,1,57,65,98,161,1,2,127,24,16,32,94,44,56,3.49,5.53,29.95,3,8,22,252,194,194,8,2.91,4.36,4.79,37.09,37.09,34.4,150.29,39.83,10.35,26.5,5.01,78.58,41.74,36.54,39.83,36.54,133,69,85,287,36,19,1,25,0,73,49,97,166,8,16,124,35,18,31,88,54,60,3.48,6.46,29.9,7,5,24,287,202,202,11,3.07,6.09,6.19,36.72,36.72,34.25
DET,2024,DET,DET,Team Level,all,82,0.49,0.48,0.49,298437,2495.34,257.26,166.65,598.14,83.43,1337.34,962.18,243.72,257.27,243.7,2250,1155,1275,4680,235,248,26,436,9,1083,1394,2015,3170,218,467,2267,1570,367,1255,2453,659,293,70.42,81.85,105.01,74,81,80,4667.3,3405,3404.25,615,37.11,54.38,54.38,240,239.97,233.01,2596.08,267.17,173.13,630.89,88.07,1398.42,1003.31,252.33,268.84,253.9,2337,1224,1408,4969,259,264,30,503,7,1160,1368,2078,3302,267,563,2362,1827,386,1253,2564,686,311,71.68,84.11,111.38,96,77,86,4997.45,3561,3576.07,596,38.23,58.27,58.29,247.1,248.63,241.15
DET,2024,DET,DET,Team Level,5on5,82,0.48,0.48,0.48,249463,1947.39,163.88,121.84,489.54,65.73,1046.27,782.75,157.52,163.88,157.51,1746,924,1067,3737,143,190,15,362,6,838,1131,1603,2527,202,435,1787,1484,320,1133,2022,485,163,57.34,60.44,46.09,59,59,25,3724.3,2670,2669.25,577,25.27,39.65,39.22,149.93,149.9,147.8,2105,179.02,134.39,536.67,72.02,1135.04,840.86,170.86,180.69,172.43,1881,1017,1153,4051,162,203,21,439,4,942,1148,1719,2736,242,513,1920,1733,342,1149,2171,539,188,59.3,66.38,53.34,77,60,25,4079.45,2898,2913.07,554,27.86,41.72,41.63,165.25,166.77,163.58
DET,2024,DET,DET,Team Level,4on5,82,0.07,0.09,0.11,17311,38.64,3.28,1.7,6.31,1.15,11.75,25.81,3.17,3.28,3.17,41,9,7,57,2,2,0,3,0,4,39,39,48,3,6,144,50,18,31,38,7,5,1.04,0.88,1.35,1,1,0,57,50,50,27,0.39,0.54,0.54,3.13,3.13,3.1,294.49,44.24,25.96,60.87,9.55,169.83,88.56,40.96,44.24,40.96,273,126,158,557,54,39,8,36,3,138,129,219,345,10,20,150,9,6,37,259,81,59,7.46,9.55,27.22,8,11,35,557,399,399,3,6.73,9.99,9.99,40.98,40.98,39.21
DET,2024,DET,DET,Team Level,5on4,82,0.93,0.9,0.89,21470,365.94,51.13,33.27,77.28,11.78,209.52,108.03,48.03,51.13,48.03,332,159,143,634,57,42,8,47,2,184,159,275,434,12,24,209,12,13,59,299,123,69,8.54,14.99,27.61,11,13,33,634,491,491,3,8.54,9.82,9.82,49.85,49.85,47.69,46.3,4.07,2.44,6.86,1.49,14.97,32.16,3.96,4.07,3.96,50,12,12,74,7,3,0,3,0,7,42,43,55,7,14,168,50,20,36,46,12,4,1.44,1.72,0.91,4,1,2,74,62,62,28,0.56,0.48,0.48,4.15,4.15,4.1
NYI,2024,NYI,NYI,Team Level,other,82,0.43,0.48,0.48,10726,166.27,31.19,13.01,31.7,5.81,96.27,51.03,28.37,31.19,28.37,158,71,76,305,26,20,2,21,2,92,68,132,203,6,20,133,34,18,24,131,56,42,4.71,6.78,19.7,5,6,15,305,229,229,12,3.7,5.07,5.07,29.82,29.82,27.57,178.83,41.95,12.72,31.72,5.89,96.95,57.77,36.39,41.95,36.39,174,73,89,336,44,20,4,20,0,84,79,130,203,3,6,105,24,18,24,122,61,64,5.16,7.52,29.27,9,8,27,336,247,247,11,3.69,8.27,8.27,37.37,37.37,34.46
NYI,2024,NYI,NYI,Team Level,all,82,0.48,0.5,0.5,298682,2648.98,243.07,181.53,650.85,90.71,1443.12,1039.74,232.11,242.91,231.97,2420,1229,1384,5033,222,287,29,525,5,1212,1398,2198,3427,201,441,2541,1814,412,1214,2742,651,256,78.49,81.35,83.22,76,92,54,5014.97,3649,3640.65,578,40.46,56.31,56.33,227.19,226.96,220.53,2614.12,259.32,177.28,625.72,87.15,1414.02,1024.5,244.97,260.64,246.22,2357,1231,1459,5047,257,279,22,421,6,1194,1431,2100,3331,221,481,2087,1752,448,1210,2641,658,289,76.55,82.67,100.1,106,80,71,5081.55,3588,3609.61,584,39.34,60.94,60.94,237.73,238.87,232.2
NYI,2024,NYI,NYI,Team Level,5on5,82,0.5,0.5,0.51,249107,2116.25,175.52,136.69,538.89,72.36,1149.81,848.72,169.11,175.37,168.97,1903,1019,1157,4079,162,217,23,425,2,967,1149,1741,2760,182,397,2006,1723,357,1097,2253,495,174,64.94,62.66,47.94,67,71,24,4060.97,2922,2913.65,541,28.42,43.66,43.81,160.13,159.89,157.06,2075.68,175.45,133.96,520.29,69.59,1120.76,833.94,169.06,176.77,170.31,1852,1002,1238,4092,161,213,14,348,6,952,1174,1691,2693,209,457,1667,1663,393,1109,2165,518,171,61.57,65.61,48.28,82,63,16,4126.55,2854,2875.61,539,27.8,44.08,44.16,159.09,160.23,157.66
NYI,2024,NYI,NYI,Team Level,4on5,82,0.13,0.15,0.17,17207,64.52,5.82,3.1,9.07,1.89,19.64,45.47,5.76,5.82,5.76,70,15,9,94,9,3,1,7,0,15,51,61,76,3,6,173,37,22,20,59,21,5,1.79,2.58,1.46,2,5,2,94,85,85,14,0.7,0.28,0.28,6.24,6.24,6.23,305.3,37.79,28.08,65.5,10.01,179.12,94.5,35.45,37.79,35.45,273,142,123,538,46,43,4,52,0,144,130,227,369,5,10,156,17,14,46,298,67,50,8.2,8.13,21.46,10,8,28,538,415,415,10,7.29,7.89,7.82,37.25,37.25,36.09
NYI,2024,NYI,NYI,Team Level,5on4,82,0.88,0.87,0.85,21642,301.94,30.53,28.72,71.19,10.65,177.4,94.52,28.88,30.53,28.88,289,124,142,555,25,47,3,72,1,138,130,264,388,10,18,229,20,15,73,299,79,35,7.06,9.34,14.13,2,10,13,555,413,413,11,7.64,7.29,7.17,31,31,29.66,54.31,4.13,2.52,8.21,1.66,17.19,38.29,4.07,4.13,4.07,58,14,9,81,6,3,0,1,0,14,48,52,66,4,8,159,48,23,31,56,12,4,1.63,1.41,1.09,5,1,0,81,72,72,24,0.57,0.69,0.69,4.01,4.01,4
SEA,2024,SEA,SEA,Team Level,other,82,0.47,0.55,0.53,13203,169.53,38.24,12.62,30.4,5.89,95.8,54.06,34.7,38.24,34.7,155,82,103,340,40,17,3,24,2,81,73,115,197,9,20,128,19,18,35,115,68,54,4.56,8.16,25.52,7,13,20,340,237,237,17,3.66,5.95,6.03,35.86,35.86,32.92,145.46,43.4,9.77,24.2,5.03,76.89,47.71,39.13,43.4,39.13,123,84,68,275,35,12,2,23,1,75,61,88,172,6,12,143,28,13,33,94,36,77,3.53,4.42,35.45,3,4,28,275,207,207,14,2.88,3.42,3.42,42.84,42.84,38.92
SEA,2024,SEA,SEA,Team Level,all,82,0.47,0.48,0.48,297525,2507.79,238.29,166.36,607.12,85.11,1384.19,1006.94,226.6,237.49,225.86,2243,1245,1300,4788,245,231,25,464,8,1156,1384,1998,3243,234,525,2245,1697,418,1164,2643,608,237,74.79,75.76,87.73,94,89,62,4743.1,3488,3464.86,548,36.82,49.91,49.95,225.16,224.23,217.73,2671.11,267.41,179.66,650.42,91.17,1467.26,1052.07,253.76,270.04,256.32,2343,1365,1441,5149,262,276,29,561,10,1260,1339,2081,3446,273,589,2376,1688,355,1136,2760,626,322,78.48,78.69,110.24,99,88,75,5227.46,3708,3759.19,531,39.69,55.03,55.44,251.67,253.8,244.89
SEA,2024,SEA,SEA,Team Level,5on5,82,0.46,0.48,0.48,245088,1989.61,154.01,125.17,504.19,67.84,1096.52,823.28,148.99,153.22,148.25,1766,1005,1072,3843,168,181,18,385,6,907,1124,1598,2603,213,481,1770,1626,365,1042,2191,455,125,61.28,57.05,35.69,82,64,22,3798.1,2771,2747.86,497,25.85,34.39,34.57,145.3,144.37,142.22,2142.61,179.75,137.89,546.28,73.26,1172.61,864.22,172.67,182.38,175.23,1873,1101,1206,4180,184,230,25,465,9,993,1093,1689,2790,245,531,1865,1606,312,1035,2285,507,182,64.69,64.1,50.97,85,76,23,4258.46,2974,3025.19,492,28.59,45.84,46.26,162.08,164.21,161.19
SEA,2024,SEA,SEA,Team Level,4on5,82,0.12,0.11,0.13,17552,53.32,5.11,2.58,8.37,1.69,16.16,36.09,4.9,5.11,4.9,58,12,8,78,3,5,0,0,0,14,48,55,67,3,6,159,45,18,35,52,10,8,1.4,1.47,2.24,2,1,0,78,70,70,28,0.61,0.98,0.98,4.74,4.74,4.68,325.3,39.02,29.26,71.47,11.19,200.39,100.67,36.73,39.02,36.73,291,161,157,609,40,32,2,66,0,180,134,251,412,13,28,187,13,7,38,330,66,56,8.97,7.91,22.14,10,8,22,609,452,452,3,7.61,5.74,5.74,40.89,40.89,38.95
SEA,2024,SEA,SEA,Team Level,5on4,82,0.89,0.86,0.85,21682,295.32,40.93,25.99,64.17,9.69,175.71,93.5,38,40.93,38,264,146,117,527,34,28,4,55,0,154,139,230,376,9,18,188,7,17,52,285,75,50,7.56,9.1,24.27,3,11,20,527,410,410,6,6.7,8.59,8.37,39.27,39.27,37.92,57.75,5.24,2.74,8.48,1.7,17.38,39.47,5.22,5.24,5.22,56,19,10,85,3,2,0,7,0,12,51,53,72,9,18,181,41,23,30,51,17,7,1.29,2.26,1.7,1,0,2,85,75,75,22,0.64,0.02,0.01,5.86,5.86,5.85
OTT,2024,OTT,OTT,Team Level,other,82,0.51,0.51,0.51,13423,171.46,42.04,12.1,29.59,5.94,95.37,54.96,38.35,42.04,38.35,157,83,94,334,41,15,3,33,0,86,65,116,199,3,6,163,42,14,37,120,59,61,4.85,7.12,30.07,10,12,19,334,240,240,19,3.55,5.33,5.33,40.27,40.27,37.22,168.3,40.53,11.98,31.98,5.95,91.86,51.71,37.47,40.53,37.47,157,77,90,324,31,21,0,28,0,78,76,126,203,5,10,131,35,21,36,119,51,64,4.62,6.68,29.23,4,8,19,324,234,234,15,3.6,4.87,4.91,39.21,39.21,37.14
OTT,2024,OTT,OTT,Team Level,all,82,0.5,0.51,0.51,297335,2576.45,252.01,172.23,626.35,87.4,1408.42,999.58,240.79,252.99,241.74,2403,1143,1394,4940,242,251,34,491,6,1108,1448,2161,3304,294,642,2492,2106,398,1068,2613,645,288,72.92,79.27,99.81,87,81,74,4956.79,3546,3556.74,523,38.6,50.06,50.06,240.55,241.02,234.11,2492.77,255.69,167.24,605.92,84.52,1348.04,967.59,239.8,255.67,239.84,2347,1082,1391,4820,232,271,36,498,9,1051,1368,2115,3197,332,736,2203,1990,366,1230,2508,606,315,70.4,76.61,108.69,73,77,82,4814.86,3429,3427.14,601,37.58,56.5,56.5,236.77,236.73,227.51
OTT,2024,OTT,OTT,Team Level,5on5,82,0.5,0.5,0.5,237526,1970.7,158.46,123.26,507.2,67.03,1072.3,788.74,153.29,159.44,154.24,1827,890,1104,3821,140,189,24,385,6,827,1170,1687,2577,268,592,1855,2004,336,927,2100,447,170,56.83,55.57,46.08,61,47,32,3837.79,2717,2727.74,472,25.53,36.99,37.41,146.59,147.06,145.03,1927.46,159.51,121.51,494.67,66.08,1045.53,780.71,152.82,159.48,152.84,1810,858,1140,3808,157,208,30,392,6,796,1109,1653,2511,291,650,1709,1884,303,1079,2061,433,174,57.18,54.75,47.58,66,55,36,3802.86,2668,2666.14,537,25.21,41.67,42.14,142.58,142.54,139.86
OTT,2024,OTT,OTT,Team Level,4on5,82,0.1,0.13,0.15,21562,60.9,5.83,2.86,8.86,1.91,18.65,41.89,5.75,5.83,5.75,62,18,8,88,8,4,2,1,0,9,58,54,72,11,20,220,37,25,33,51,26,3,1.47,3.51,0.85,3,4,1,88,80,80,27,0.66,0.74,0.74,5.75,5.75,5.73,351.11,52.28,31.58,71.88,11.09,196.15,103.02,46.19,52.28,46.19,337,129,150,616,43,41,6,74,3,165,140,294,423,23,42,168,25,18,67,281,110,75,7.26,13.7,31.33,2,14,27,616,466,466,8,8.27,9.83,9.3,51.25,51.25,46.81
OTT,2024,OTT,OTT,Team Level,5on4,82,0.93,0.91,0.89,24824,373.39,45.67,34.01,80.71,12.52,222.09,114,43.4,45.67,43.4,357,152,188,697,53,43,5,72,0,186,155,304,456,12,24,254,23,23,71,342,113,54,9.78,13.07,22.82,13,18,22,697,509,509,5,8.86,7,6.58,47.95,47.95,46.13,45.9,3.37,2.17,7.39,1.4,14.51,32.16,3.33,3.37,3.33,43,18,11,72,1,1,0,4,0,12,43,42,60,13,34,195,46,24,48,47,12,2,1.35,1.47,0.56,1,0,0,72,61,61,41,0.49,0.14,0.14,3.73,3.73,3.7
LAK,2024,LAK,LAK,Team Level,other,82,0.54,0.49,0.47,11374,124.99,33.38,8.91,23.1,4.33,65.88,40.4,32,33.38,32,116,60,80,256,34,10,1,15,0,66,51,82,142,6,10,114,23,20,29,88,40,48,3.62,4.99,24.77,5,2,27,256,176,176,13,2.54,1.87,1.87,34.04,34.04,32.64,145.03,28.99,10.81,27.22,4.97,79.68,46.34,27.17,28.99,27.17,136,62,70,268,37,18,4,16,1,63,63,99,161,3,9,124,32,22,26,110,47,41,3.96,5.61,19.42,7,12,18,268,198,198,9,3.2,4.55,4.55,27.64,27.64,26.65
LAK,2024,LAK,LAK,Team Level,all,82,0.54,0.53,0.53,297801,2634.81,250.96,176.05,648.33,89.24,1423.08,1039.33,240.11,253.24,242.31,2304,1323,1428,5055,249,278,37,478,9,1172,1441,2055,3378,279,616,2319,1742,351,1150,2711,634,282,75.51,79.08,96.37,101,69,79,5121.54,3627,3670.3,520,38.74,58.15,58.34,231.34,233.37,228.53,2333.72,213.91,156.71,567.97,78.7,1261.81,920.97,205.78,213.71,205.57,2093,1108,1302,4503,203,224,32,395,8,1003,1368,1890,2998,249,554,2264,1826,380,1141,2399,591,211,66.29,73.56,74.06,82,69,52,4465.28,3201,3181.73,496,34.98,45.03,45.13,203.7,203.23,199.24
LAK,2024,LAK,LAK,Team Level,5on5,82,0.55,0.53,0.54,244436,2149.4,177.9,137.2,547.16,72.71,1160.39,865.62,170.9,180.19,173.1,1867,1094,1193,4154,178,223,34,405,8,951,1196,1689,2783,251,564,1813,1645,293,1021,2277,505,179,62.84,63.27,51.79,88,55,35,4220.55,2961,3004.3,473,28.45,47.54,48.02,158.33,160.36,157.97,1843.94,144.25,116.06,468.62,62.29,997.41,751.44,139.84,144.05,139.62,1636,905,1107,3648,125,168,22,330,7,785,1126,1511,2416,223,497,1807,1732,318,1024,1971,449,121,52.85,55.91,35.48,62,44,19,3610.28,2541,2521.73,453,24.06,32.29,32.58,135.66,135.19,133.49
LAK,2024,LAK,LAK,Team Level,4on5,82,0.14,0.14,0.16,22239,54.57,5.78,2.8,8.34,1.76,17.11,37.2,5.49,5.78,5.49,56,17,11,84,2,6,0,8,1,9,47,54,71,10,20,176,49,23,40,49,15,9,1.19,1.97,2.63,2,0,0,84,73,73,30,0.65,1.04,1.04,5.39,5.39,5.3,296.21,36.68,27.53,64.94,9.91,169.32,88.61,34.87,36.68,34.87,272,125,113,510,36,35,5,47,0,146,133,236,361,15,30,216,21,14,56,271,79,47,7.98,10.06,18.64,10,12,14,510,397,397,8,7.21,7.68,7.49,36.4,36.4,35.12
LAK,2024,LAK,LAK,Team Level,5on4,82,0.89,0.88,0.87,19752,305.86,33.89,27.13,69.72,10.45,179.71,96.1,31.72,33.89,31.72,265,152,144,561,35,39,2,50,0,146,147,230,382,12,22,216,25,15,60,297,74,46,7.86,8.85,17.18,6,12,17,561,417,417,4,7.1,7.7,7.4,33.58,33.58,32.61,48.53,3.98,2.31,7.2,1.53,15.4,34.58,3.91,3.98,3.91,49,16,12,77,5,3,1,2,0,9,46,44,60,8,18,117,41,26,35,47,16,2,1.5,1.97,0.51,3,1,1,77,65,65,26,0.53,0.52,0.52,4,4,3.97
DAL,2024,DAL,DAL,Team Level,other,82,0.51,0.46,0.44,10179,110.79,35.42,7.3,19.31,3.69,52.17,33.12,33.65,35.42,33.65,109,42,74,225,36,11,2,19,1,43,41,73,115,7,14,105,28,16,27,61,34,56,2.5,4.4,28.52,3,5,28,225,151,151,12,2.11,2.85,2.85,34.67,34.67,33.32,142.15,34.48,10.11,23.87,4.79,79.72,41.03,30.19,34.48,30.19,113,81,68,262,26,13,2,14,2,80,59,87,168,2,4,117,34,25,28,95,51,48,3.65,6.44,24.4,3,7,16,262,194,194,11,2.98,3.77,3.77,33.7,33.7,31.15
DAL,2024,DAL,DAL,Team Level,all,82,0.52,0.5,0.49,297658,2542.88,269.84,169.99,618.55,86.99,1346.27,976.36,257.49,271.48,259.07,2325,1143,1453,4921,275,281,35,463,10,1109,1330,2050,3193,246,526,2527,1245,373,1340,2423,752,293,72.71,95.45,101.68,83,101,91,4966.59,3468,3497.66,633,37.84,55.21,55.21,252.47,253.99,247.52,2625.27,253.45,170.95,641.07,88.03,1409.42,1026.08,240.65,252.35,239.6,2382,1207,1262,4851,222,243,29,524,10,1130,1460,2160,3367,260,571,2320,2081,440,1267,2643,661,285,76.34,79.53,97.59,75,76,71,4806.45,3589,3559.98,552,37.85,50.82,50.82,240.49,239.33,233.09
DAL,2024,DAL,DAL,Team Level,5on5,82,0.5,0.5,0.48,241609,1979.71,177.45,124.95,506.54,68.12,1049.47,777.47,171.28,179.09,172.86,1799,905,1176,3880,182,218,25,368,6,858,1072,1617,2522,213,458,2011,1160,322,1198,1966,572,166,59.63,72.73,45.09,75,74,33,3925.59,2704,2733.66,577,25.96,39.15,39.72,163.69,165.21,162.54,2106.93,177.15,130.34,538.65,70.53,1122.58,841.74,170.77,176.06,169.73,1899,982,1071,3952,156,195,25,436,8,888,1198,1743,2725,239,527,1782,1963,369,1129,2179,518,184,63,62.12,52.03,61,61,34,3907.45,2881,2851.98,506,27.03,39.05,39.27,164.91,163.76,161.27
DAL,2024,DAL,DAL,Team Level,4on5,82,0.13,0.14,0.16,21375,63.24,5.43,2.85,9.58,1.87,19.32,43.96,5.28,5.43,5.28,71,12,5,88,6,3,1,7,0,14,53,65,77,9,18,177,36,13,41,60,16,7,1.67,1.96,1.8,1,3,2,88,83,83,35,0.66,0.53,0.53,5.56,5.56,5.45,311.58,36.62,27.39,68.63,10.55,185.76,97.04,34.57,36.62,34.57,295,131,120,546,36,32,2,71,0,151,136,259,390,15,32,216,26,15,73,305,73,48,8.23,8.54,19.85,9,7,20,546,426,426,8,7.13,7.57,7.57,36.17,36.17,35.04
DAL,2024,DAL,DAL,Team Level,5on4,82,0.91,0.89,0.86,24495,389.14,51.55,34.9,83.12,13.3,225.31,121.82,47.28,51.55,47.28,346,184,198,728,51,49,7,69,3,194,164,295,479,17,36,234,21,22,74,336,130,64,8.92,16.36,26.26,4,19,28,728,530,530,9,9.12,12.68,12.11,48.56,48.56,46.22,64.6,5.19,3.11,9.91,2.16,21.37,46.27,5.12,5.19,5.12,75,13,3,91,4,3,0,3,0,11,67,71,84,4,8,205,58,31,37,64,19,5,1.46,2.43,1.31,2,1,1,91,88,88,27,0.72,0.44,0.21,5.69,5.69,5.63
CHI,2024,CHI,CHI,Team Level,other,82,0.39,0.49,0.45,8511,112.76,26.09,8.51,20.39,3.93,61.7,33.38,23.09,26.09,23.09,103,51,67,221,28,13,4,11,0,53,49,75,126,8,16,99,16,5,26,78,36,40,3.13,4.42,18.55,5,6,17,221,154,154,7,2.57,4.86,4.86,23.8,23.8,21.76,133.02,40.06,9.6,22.54,4.51,68.75,40.61,37.99,40.06,37.99,137,50,42,229,38,19,3,12,0,69,49,99,149,6,12,98,17,11,29,85,40,62,3.44,5.11,31.5,3,4,31,229,187,187,18,2.77,4.45,4.82,37.95,37.95,36.66
CHI,2024,CHI,CHI,Team Level,all,82,0.43,0.44,0.44,297870,2136.91,206.05,141.98,511.84,70.91,1148.44,846.79,196.19,206.03,196.22,2005,921,1117,4043,224,206,26,377,4,853,1262,1781,2702,261,595,1963,1533,413,1192,2160,528,238,60.68,65.81,79.56,88,76,60,4008.97,2926,2910.28,576,31.33,42.42,42.42,194.96,195.03,189.39,2754.49,278.64,189.37,659.71,92.88,1503.15,1069.31,265.65,280.71,267.63,2552,1242,1354,5148,292,308,32,482,5,1179,1528,2260,3502,231,523,2423,1734,391,1189,2782,690,322,81.3,87.45,109.88,111,102,79,5195.68,3794,3827.66,539,41.78,61.38,61.38,258.97,260.56,254.11
CHI,2024,CHI,CHI,Team Level,5on5,82,0.43,0.44,0.44,250339,1748.17,145.03,111.3,435.71,58.1,943.2,705.66,140.41,145.01,140.45,1635,764,954,3353,151,169,20,326,4,694,1055,1484,2248,244,558,1559,1466,360,1060,1828,423,148,50.31,52.81,41.91,74,55,22,3318.97,2399,2383.28,525,22.97,32.73,32.73,135.28,135.34,133.61,2236.64,191.53,147.21,557.55,75.56,1223.26,894.89,184.02,193.61,186,2057,1033,1160,4250,207,242,25,405,5,944,1287,1850,2883,207,472,1935,1644,345,1058,2343,545,202,68.29,69.51,53.73,99,79,29,4297.68,3090,3123.66,487,30.5,46.13,46.13,175.9,177.49,174.19
CHI,2024,CHI,CHI,Team Level,4on5,82,0.11,0.13,0.15,22328,59.34,5.29,2.98,8.55,1.81,18.64,41.74,5.16,5.29,5.16,64,15,10,89,5,3,0,5,0,6,60,59,74,2,7,167,35,30,40,57,16,6,1.45,2.11,1.72,2,3,0,89,79,79,37,0.69,0.89,0.89,5.08,5.08,5.07,338.72,42.94,30.47,73.05,11.43,197.04,102.06,39.6,42.94,39.6,314,143,144,601,40,45,4,63,0,159,150,274,417,8,19,225,27,21,69,312,91,54,8.4,10.98,23.56,7,15,18,601,457,457,8,8.03,10.42,10.23,40.75,40.75,38.93
CHI,2024,CHI,CHI,Team Level,5on4,82,0.88,0.85,0.83,16692,216.64,29.64,19.19,47.19,7.06,124.9,66.02,27.52,29.64,27.52,203,91,86,380,40,21,2,35,0,100,98,163,254,7,14,138,16,18,66,197,53,44,5.8,6.46,17.38,7,12,21,380,294,294,7,5.09,3.93,3.93,30.8,30.8,28.95,46.11,4.09,2.09,6.57,1.39,14.1,31.75,4.04,4.09,4.04,44,16,8,68,7,2,0,2,0,7,42,37,53,10,20,165,46,14,33,42,14,4,1.16,1.84,1.08,2,4,1,68,60,60,26,0.48,0.39,0.21,4.36,4.36,4.34
,,,,,,,,,,,,,,,,,,,,,,,,,,,,,,,,,,,,,,,,,,,,,,,,,,,,,,,,,,,,,,,,,,,,,,,,,,,,,,,,,,,,,,,,,,,,,,,,,,,,,,,,,,
,,,,,,,,,,Total Team 5v4 Minutes,,,,,,,,,,,,,,,,,,,,,,,,,,,,,,,,,,,,,,,,,,,,,,,,,,,,,,,,,,,,,,,,,,,,,,,,,,,,,,,,,,,,,,,,,,,,,,,,
,,,,,,,,,,371.6833333,,,,,,,,,,,,,,,,,,,,,,,,,,,,,,,,,,,,,,,,,,,,,,,,,,,,,,,,,,,,,,,,,,,,,,,,,,,,,,,,,,,,,,,,,,,,,,,,